Word,Label,POS Tags
['Username'],o,"[('[', 'JJ'), (""'Username"", 'POS'), (""'"", 'POS'), (']', 'NN')]"
['Comment'],o,"[('[', 'JJ'), (""'Comment"", 'NN'), (""'"", 'POS'), (']', 'NN')]"
['Text'],o,"[('[', 'JJ'), (""'Text"", 'POS'), (""'"", 'POS'), (']', 'NN')]"
['a134_purv'],o,"[('[', 'JJ'), (""'a134_purv"", 'NNP'), (""'"", 'POS'), (']', 'NN')]"
['nakshatra_101'],per,"[('[', 'JJ'), (""'nakshatra_101"", 'NNP'), (""'"", 'POS'), (']', 'NN')]"
['aj'],o,"[('[', 'JJ'), (""'aj"", 'NNP'), (""'"", 'POS'), (']', 'NN')]"
['kal'],o,"[('[', 'JJ'), (""'kal"", 'NNP'), (""'"", 'POS'), (']', 'NN')]"
['kuch'],o,"[('[', 'RB'), (""'kuch"", 'JJ'), (""'"", ""''""), (']', 'NN')]"
['strong'],o,"[('[', 'RB'), (""'strong"", 'POS'), (""'"", ""''""), (']', 'NN')]"
['hai'],o,"[('[', 'JJ'), (""'hai"", 'NNP'), (""'"", 'POS'), (']', 'NN')]"
['brohh'],o,"[('[', 'JJ'), (""'brohh"", 'NNP'), (""'"", 'POS'), (']', 'NN')]"
['cdo_naveen14'],o,"[('[', 'JJ'), (""'cdo_naveen14"", 'NNP'), (""'"", 'POS'), (']', 'NN')]"
['nkx0'],o,"[('[', 'JJ'), (""'nkx0"", 'NNP'), (""'"", 'POS'), (']', 'NN')]"
['_'],o,"[('[', 'NN'), (""'"", ""''""), ('_', 'NNP'), (""'"", 'POS'), (']', 'NN')]"
['bro'],o,"[('[', 'JJ'), (""'bro"", 'NNP'), (""'"", 'POS'), (']', 'NN')]"
['nhi'],o,"[('[', 'JJ'), (""'nhi"", 'NNP'), (""'"", 'POS'), (']', 'NN')]"
['tutegi'],o,"[('[', 'JJ'), (""'tutegi"", 'NNP'), (""'"", 'POS'), (']', 'NN')]"
['Because'],o,"[('[', 'NN'), (""'Because"", 'POS'), (""'"", 'POS'), (']', 'NN')]"
['Mix'],o,"[('[', 'JJ'), (""'Mix"", 'NNP'), (""'"", 'POS'), (']', 'NN')]"
['plastic'],o,"[('[', 'RB'), (""'plastic"", 'JJ'), (""'"", ""''""), (']', 'NN')]"
['bitumen'],o,"[('[', 'JJ'), (""'bitumen"", 'NNS'), (""'"", 'POS'), (']', 'NN')]"
['k'],o,"[('[', 'NN'), (""'"", ""''""), ('k', 'NN'), (""'"", 'POS'), (']', 'NN')]"
['sath'],o,"[('[', 'JJ'), (""'sath"", 'POS'), (""'"", 'POS'), (']', 'NN')]"
['mix'],o,"[('[', 'JJ'), (""'mix"", 'NNP'), (""'"", 'POS'), (']', 'NN')]"
['krdenge'],o,"[('[', 'JJ'), (""'krdenge"", 'NN'), (""'"", 'POS'), (']', 'NN')]"
['toh'],o,"[('[', 'JJ'), (""'toh"", 'NNP'), (""'"", 'POS'), (']', 'NN')]"
['wo'],o,"[('[', 'JJ'), (""'wo"", 'NNP'), (""'"", 'POS'), (']', 'NN')]"
['bitumen'],o,"[('[', 'JJ'), (""'bitumen"", 'NNS'), (""'"", 'POS'), (']', 'NN')]"
['jaisi'],o,"[('[', 'JJ'), (""'jaisi"", 'NNP'), (""'"", 'POS'), (']', 'NN')]"
['property'],o,"[('[', 'JJ'), (""'property"", 'POS'), (""'"", 'POS'), (']', 'NN')]"
['deta'],o,"[('[', 'JJ'), (""'deta"", 'POS'), (""'"", 'POS'), (']', 'NN')]"
['hai'],o,"[('[', 'JJ'), (""'hai"", 'NNP'), (""'"", 'POS'), (']', 'NN')]"
['Ductile'],o,"[('[', 'RB'), (""'Ductile"", 'POS'), (""'"", ""''""), (']', 'NN')]"
['material'],o,"[('[', 'JJ'), (""'material"", 'NNP'), (""'"", 'POS'), (']', 'NN')]"
['hai'],o,"[('[', 'JJ'), (""'hai"", 'NNP'), (""'"", 'POS'), (']', 'NN')]"
['cdo_naveen14'],o,"[('[', 'JJ'), (""'cdo_naveen14"", 'NNP'), (""'"", 'POS'), (']', 'NN')]"
['mayureshthakurr'],per,"[('[', 'JJ'), (""'mayureshthakurr"", 'NNP'), (""'"", 'POS'), (']', 'NN')]"
['ji'],p,"[('[', 'JJ'), (""'ji"", 'NNP'), (""'"", 'POS'), (']', 'NN')]"
['cement'],o,"[('[', 'JJ'), (""'cement"", 'NN'), (""'"", 'POS'), (']', 'NN')]"
['nhi'],o,"[('[', 'JJ'), (""'nhi"", 'NNP'), (""'"", 'POS'), (']', 'NN')]"
['hai'],o,"[('[', 'JJ'), (""'hai"", 'NNP'), (""'"", 'POS'), (']', 'NN')]"
['bhai'],o,"[('[', 'JJ'), (""'bhai"", 'NNP'), (""'"", 'POS'), (']', 'NN')]"
['bitumen'],o,"[('[', 'JJ'), (""'bitumen"", 'NNS'), (""'"", 'POS'), (']', 'NN')]"
['Road'],o,"[('[', 'JJ'), (""'Road"", 'POS'), (""'"", 'POS'), (']', 'NN')]"
['hai'],o,"[('[', 'JJ'), (""'hai"", 'NNP'), (""'"", 'POS'), (']', 'NN')]"
['nakshatra_101'],per,"[('[', 'JJ'), (""'nakshatra_101"", 'NNP'), (""'"", 'POS'), (']', 'NN')]"
['But'],o,"[('[', 'RB'), (""'But"", 'POS'), (""'"", ""''""), (']', 'NN')]"
['is'],o,"[('[', 'JJ'), (""'is"", 'NNP'), (""'"", 'POS'), (']', 'NN')]"
['it'],o,"[('[', 'JJ'), (""'it"", 'NNP'), (""'"", 'POS'), (']', 'NN')]"
['completely'],o,"[('[', 'RB'), (""'completely"", 'RB'), (""'"", 'POS'), (']', 'NN')]"
['safe'],o,"[('[', 'JJ'), (""'safe"", 'NNP'), (""'"", 'POS'), (']', 'NN')]"
['like'],o,"[('[', 'RB'), (""'like"", 'POS'), (""'"", ""''""), (']', 'NN')]"
['is'],o,"[('[', 'JJ'), (""'is"", 'NNP'), (""'"", 'POS'), (']', 'NN')]"
['it'],o,"[('[', 'JJ'), (""'it"", 'NNP'), (""'"", 'POS'), (']', 'NN')]"
['strong'],o,"[('[', 'RB'), (""'strong"", 'POS'), (""'"", ""''""), (']', 'NN')]"
['enough'],o,"[('[', 'RB'), (""'enough"", 'IN'), (""'"", ""''""), (']', 'NN')]"
['ajay'],o,"[('[', 'JJ'), (""'ajay"", 'NNP'), (""'"", 'POS'), (']', 'NN')]"
['chambial'],o,"[('[', 'JJ'), (""'chambial"", 'NNP'), (""'"", 'POS'), (']', 'NN')]"
['But'],o,"[('[', 'RB'), (""'But"", 'POS'), (""'"", ""''""), (']', 'NN')]"
['jab'],o,"[('[', 'JJ'), (""'jab"", 'NNP'), (""'"", 'POS'), (']', 'NN')]"
['ya'],o,"[('[', 'JJ'), (""'ya"", 'NNP'), (""'"", 'POS'), (']', 'NN')]"
['road'],o,"[('[', 'JJ'), (""'road"", 'POS'), (""'"", 'POS'), (']', 'NN')]"
['damage'],o,"[('[', 'JJ'), (""'damage"", 'NN'), (""'"", 'POS'), (']', 'NN')]"
['hoga'],o,"[('[', 'JJ'), (""'hoga"", 'NNP'), (""'"", 'POS'), (']', 'NN')]"
['or'],o,"[('[', 'JJ'), (""'or"", 'NNP'), (""'"", 'POS'), (']', 'NN')]"
['jo'],o,"[('[', 'JJ'), (""'jo"", 'NNP'), (""'"", 'POS'), (']', 'NN')]"
['micro'],o,"[('[', 'JJ'), (""'micro"", 'NNP'), (""'"", 'POS'), (']', 'NN')]"
['plastic'],o,"[('[', 'RB'), (""'plastic"", 'JJ'), (""'"", ""''""), (']', 'NN')]"
['niklyga'],o,"[('[', 'JJ'), (""'niklyga"", 'NNP'), (""'"", 'POS'), (']', 'NN')]"
['road'],o,"[('[', 'JJ'), (""'road"", 'POS'), (""'"", 'POS'), (']', 'NN')]"
['se'],o,"[('[', 'JJ'), (""'se"", 'NNP'), (""'"", 'POS'), (']', 'NN')]"
['usse'],o,"[('[', 'JJ'), (""'usse"", 'NNP'), (""'"", 'POS'), (']', 'NN')]"
['water'],o,"[('[', 'RB'), (""'water"", 'POS'), (""'"", ""''""), (']', 'NN')]"
['pollution'],o,"[('[', 'JJ'), (""'pollution"", 'NN'), (""'"", 'POS'), (']', 'NN')]"
['to'],o,"[('[', 'JJ'), (""'to"", 'NNP'), (""'"", 'POS'), (']', 'NN')]"
['hoga'],o,"[('[', 'JJ'), (""'hoga"", 'NNP'), (""'"", 'POS'), (']', 'NN')]"
['Bas'],o,"[('[', 'JJ'), (""'Bas"", 'NNP'), (""'"", 'POS'), (']', 'NN')]"
['plastic'],o,"[('[', 'RB'), (""'plastic"", 'JJ'), (""'"", ""''""), (']', 'NN')]"
['waste'],o,"[('[', 'JJ'), (""'waste"", 'NN'), (""'"", ""''""), (']', 'NN')]"
['ka'],o,"[('[', 'JJ'), (""'ka"", 'NNP'), (""'"", 'POS'), (']', 'NN')]"
['use'],o,"[('[', 'NN'), (""'use"", 'POS'), (""'"", 'POS'), (']', 'NN')]"
['kar'],o,"[('[', 'JJ'), (""'kar"", 'NNP'), (""'"", 'POS'), (']', 'NN')]"
['rhe'],o,"[('[', 'JJ'), (""'rhe"", 'NNP'), (""'"", 'POS'), (']', 'NN')]"
['ya'],o,"[('[', 'JJ'), (""'ya"", 'NNP'), (""'"", 'POS'), (']', 'NN')]"
['solution'],o,"[('[', 'JJ'), (""'solution"", 'NN'), (""'"", 'POS'), (']', 'NN')]"
['to'],o,"[('[', 'JJ'), (""'to"", 'NNP'), (""'"", 'POS'), (']', 'NN')]"
['nehi'],o,"[('[', 'JJ'), (""'nehi"", 'NNP'), (""'"", 'POS'), (']', 'NN')]"
['hi'],o,"[('[', 'JJ'), (""'hi"", 'NNP'), (""'"", 'POS'), (']', 'NN')]"
['naman_131105'],per,"[('[', 'JJ'), (""'naman_131105"", 'NNP'), (""'"", 'POS'), (']', 'NN')]"
['mobroska'],p,"[('[', 'JJ'), (""'mobroska"", 'NNP'), (""'"", 'POS'), (']', 'NN')]"
['not'],o,"[('[', 'RB'), (""'not"", 'POS'), (""'"", ""''""), (']', 'NN')]"
['at'],o,"[('[', 'JJ'), (""'at"", 'NNP'), (""'"", 'POS'), (']', 'NN')]"
['all'],o,"[('[', 'RB'), (""'all"", 'DT'), (""'"", ""''""), (']', 'NN')]"
['naman_131105'],per,"[('[', 'JJ'), (""'naman_131105"", 'NNP'), (""'"", 'POS'), (']', 'NN')]"
['nkx0'],o,"[('[', 'JJ'), (""'nkx0"", 'NNP'), (""'"", 'POS'), (']', 'NN')]"
['_'],o,"[('[', 'NN'), (""'"", ""''""), ('_', 'NNP'), (""'"", 'POS'), (']', 'NN')]"
['jo'],o,"[('[', 'JJ'), (""'jo"", 'NNP'), (""'"", 'POS'), (']', 'NN')]"
['first'],num,"[('[', 'RB'), (""'first"", 'NNP'), (""'"", 'POS'), (']', 'NN')]"
['road'],o,"[('[', 'JJ'), (""'road"", 'POS'), (""'"", 'POS'), (']', 'NN')]"
['bana'],o,"[('[', 'JJ'), (""'bana"", 'NNP'), (""'"", 'POS'), (']', 'NN')]"
['hai'],o,"[('[', 'JJ'), (""'hai"", 'NNP'), (""'"", 'POS'), (']', 'NN')]"
['jake'],o,"[('[', 'JJ'), (""'jake"", 'POS'), (""'"", 'POS'), (']', 'NN')]"
['uska'],o,"[('[', 'JJ'), (""'uska"", 'NNP'), (""'"", 'POS'), (']', 'NN')]"
['condition'],o,"[('[', 'JJ'), (""'condition"", 'NN'), (""'"", 'POS'), (']', 'NN')]"
['dekh'],o,"[('[', 'JJ'), (""'dekh"", 'NNP'), (""'"", 'POS'), (']', 'NN')]"
['le'],o,"[('[', 'JJ'), (""'le"", 'NNP'), (""'"", 'POS'), (']', 'NN')]"
['banglore'],loc,"[('[', 'RB'), (""'banglore"", 'POS'), (""'"", ""''""), (']', 'NN')]"
['mein'],o,"[('[', 'JJ'), (""'mein"", 'NNP'), (""'"", 'POS'), (']', 'NN')]"
['hai'],o,"[('[', 'JJ'), (""'hai"", 'NNP'), (""'"", 'POS'), (']', 'NN')]"
['normal'],o,"[('[', 'RB'), (""'normal"", 'JJ'), (""'"", 'POS'), (']', 'NN')]"
['road'],o,"[('[', 'JJ'), (""'road"", 'POS'), (""'"", 'POS'), (']', 'NN')]"
['se'],o,"[('[', 'JJ'), (""'se"", 'NNP'), (""'"", 'POS'), (']', 'NN')]"
['strong'],o,"[('[', 'RB'), (""'strong"", 'POS'), (""'"", ""''""), (']', 'NN')]"
['hai'],o,"[('[', 'JJ'), (""'hai"", 'NNP'), (""'"", 'POS'), (']', 'NN')]"
['naman_131105'],per,"[('[', 'JJ'), (""'naman_131105"", 'NNP'), (""'"", 'POS'), (']', 'NN')]"
['nkx0'],o,"[('[', 'JJ'), (""'nkx0"", 'NNP'), (""'"", 'POS'), (']', 'NN')]"
['_'],p,"[('[', 'NN'), (""'"", ""''""), ('_', 'NNP'), (""'"", 'POS'), (']', 'NN')]"
['bhai'],o,"[('[', 'JJ'), (""'bhai"", 'NNP'), (""'"", 'POS'), (']', 'NN')]"
['kon'],o,"[('[', 'JJ'), (""'kon"", 'NNP'), (""'"", 'POS'), (']', 'NN')]"
['se'],o,"[('[', 'JJ'), (""'se"", 'NNP'), (""'"", 'POS'), (']', 'NN')]"
['duniya'],o,"[('[', 'JJ'), (""'duniya"", 'NNP'), (""'"", 'POS'), (']', 'NN')]"
['mein'],o,"[('[', 'JJ'), (""'mein"", 'NNP'), (""'"", 'POS'), (']', 'NN')]"
['rehte'],o,"[('[', 'JJ'), (""'rehte"", 'NNP'), (""'"", 'POS'), (']', 'NN')]"
['ho'],o,"[('[', 'JJ'), (""'ho"", 'NNP'), (""'"", 'POS'), (']', 'NN')]"
['india'],loc,"[('[', 'JJ'), (""'india"", 'NNP'), (""'"", 'POS'), (']', 'NN')]"
['mein'],per,"[('[', 'JJ'), (""'mein"", 'NNP'), (""'"", 'POS'), (']', 'NN')]"
['703km'],num,"[('[', 'JJ'), (""'703km"", 'NNP'), (""'"", 'POS'), (']', 'NN')]"
['long'],o,"[('[', 'RB'), (""'long"", 'POS'), (""'"", ""''""), (']', 'NN')]"
['plastic'],o,"[('[', 'RB'), (""'plastic"", 'JJ'), (""'"", ""''""), (']', 'NN')]"
['waste'],o,"[('[', 'JJ'), (""'waste"", 'NN'), (""'"", ""''""), (']', 'NN')]"
['road'],o,"[('[', 'JJ'), (""'road"", 'POS'), (""'"", 'POS'), (']', 'NN')]"
['ban'],o,"[('[', 'JJ'), (""'ban"", 'POS'), (""'"", 'POS'), (']', 'NN')]"
['chuka'],o,"[('[', 'JJ'), (""'chuka"", 'NNP'), (""'"", 'POS'), (']', 'NN')]"
['hai'],o,"[('[', 'JJ'), (""'hai"", 'NNP'), (""'"", 'POS'), (']', 'NN')]"
['aab'],o,"[('[', 'JJ'), (""'aab"", 'NNP'), (""'"", 'POS'), (']', 'NN')]"
['location'],o,"[('[', 'JJ'), (""'location"", 'NN'), (""'"", 'POS'), (']', 'NN')]"
['khud'],o,"[('[', 'JJ'), (""'khud"", 'NNP'), (""'"", 'POS'), (']', 'NN')]"
['google'],org,"[('[', 'JJ'), (""'google"", 'NNP'), (""'"", 'POS'), (']', 'NN')]"
['kr'],o,"[('[', 'JJ'), (""'kr"", 'NNP'), (""'"", 'POS'), (']', 'NN')]"
['le'],o,"[('[', 'JJ'), (""'le"", 'NNP'), (""'"", 'POS'), (']', 'NN')]"
['nkx0'],o,"[('[', 'JJ'), (""'nkx0"", 'NNP'), (""'"", 'POS'), (']', 'NN')]"
['_'],o,"[('[', 'NN'), (""'"", ""''""), ('_', 'NNP'), (""'"", 'POS'), (']', 'NN')]"
['naman_131105'],per,"[('[', 'JJ'), (""'naman_131105"", 'NNP'), (""'"", 'POS'), (']', 'NN')]"
['virat_pandey111'],per,"[('[', 'JJ'), (""'virat_pandey111"", 'NNP'), (""'"", 'POS'), (']', 'NN')]"
['Lucknow'],loc,"[('[', 'RB'), (""'Lucknow"", 'POS'), (""'"", ""''""), (']', 'NN')]"
['me'],o,"[('[', 'JJ'), (""'me"", 'NNP'), (""'"", 'POS'), (']', 'NN')]"
['bhardwajramujee'],per,"[('[', 'JJ'), (""'bhardwajramujee"", 'NNP'), (""'"", 'POS'), (']', 'NN')]"
['IND'],per,"[('[', 'JJ'), (""'IND"", 'NNP'), (""'"", 'POS'), (']', 'NN')]"
['samiksha282009'],per,"[('[', 'JJ'), (""'samiksha282009"", 'NNP'), (""'"", 'POS'), (']', 'NN')]"
['Bharat'],loc,"[('[', 'JJ'), (""'Bharat"", 'NNP'), (""'"", 'POS'), (']', 'NN')]"
['me'],o,"[('[', 'JJ'), (""'me"", 'NNP'), (""'"", 'POS'), (']', 'NN')]"
['wo'],o,"[('[', 'JJ'), (""'wo"", 'NNP'), (""'"", 'POS'), (']', 'NN')]"
['b'],o,"[('[', 'NN'), (""'"", ""''""), ('b', 'NN'), (""'"", 'POS'), (']', 'NN')]"
['up'],o,"[('[', 'JJ'), (""'up"", 'NNP'), (""'"", 'POS'), (']', 'NN')]"
['lucknow'],loc,"[('[', 'RB'), (""'lucknow"", 'POS'), (""'"", ""''""), (']', 'NN')]"
['mrcrazy_boy_786'],o,"[('[', 'JJ'), (""'mrcrazy_boy_786"", 'NNP'), (""'"", 'POS'), (']', 'NN')]"
['य'],o,"[('[', 'NN'), (""'"", ""''""), ('य', 'NNP'), (""'"", 'POS'), (']', 'NN')]"
['प'],o,"[('[', 'NN'), (""'"", ""''""), ('प', 'NNP'), (""'"", 'POS'), (']', 'NN')]"
['क'],o,"[('[', 'NN'), (""'"", ""''""), ('क', 'NNP'), (""'"", 'POS'), (']', 'NN')]"
['लखनऊ'],loc,"[('[', 'JJ'), (""'लखनऊ"", 'NNP'), (""'"", 'POS'), (']', 'NN')]"
['क'],o,"[('[', 'NN'), (""'"", ""''""), ('क', 'NNP'), (""'"", 'POS'), (']', 'NN')]"
['स'],o,"[('[', 'NN'), (""'"", ""''""), ('स', 'NNP'), (""'"", 'POS'), (']', 'NN')]"
['ट'],o,"[('[', 'NN'), (""'"", ""''""), ('ट', 'NNP'), (""'"", 'POS'), (']', 'NN')]"
['म'],o,"[('[', 'NN'), (""'"", ""''""), ('म', 'NNP'), (""'"", 'POS'), (']', 'NN')]"
['न'],o,"[('[', 'NN'), (""'"", ""''""), ('न', 'NNP'), (""'"", 'POS'), (']', 'NN')]"
['ट'],o,"[('[', 'NN'), (""'"", ""''""), ('ट', 'NNP'), (""'"", 'POS'), (']', 'NN')]"
['सर'],o,"[('[', 'JJ'), (""'सर"", 'NNP'), (""'"", 'POS'), (']', 'NN')]"
['स'],o,"[('[', 'NN'), (""'"", ""''""), ('स', 'NNP'), (""'"", 'POS'), (']', 'NN')]"
['क'],o,"[('[', 'NN'), (""'"", ""''""), ('क', 'NNP'), (""'"", 'POS'), (']', 'NN')]"
['ल'],o,"[('[', 'NN'), (""'"", ""''""), ('ल', 'NNP'), (""'"", 'POS'), (']', 'NN')]"
['व'],,"[('[', 'NN'), (""'"", ""''""), ('व', 'NNP'), (""'"", 'POS'), (']', 'NN')]"
['श'],o,"[('[', 'NN'), (""'"", ""''""), ('श', 'NNP'), (""'"", 'POS'), (']', 'NN')]"
['व'],o,"[('[', 'NN'), (""'"", ""''""), ('व', 'NNP'), (""'"", 'POS'), (']', 'NN')]"
['क'],o,"[('[', 'NN'), (""'"", ""''""), ('क', 'NNP'), (""'"", 'POS'), (']', 'NN')]"
['सबस'],o,"[('[', 'JJ'), (""'सबस"", 'NNP'), (""'"", 'POS'), (']', 'NN')]"
['बड'],o,"[('[', 'JJ'), (""'बड"", 'NNP'), (""'"", 'POS'), (']', 'NN')]"
['स'],o,"[('[', 'NN'), (""'"", ""''""), ('स', 'NNP'), (""'"", 'POS'), (']', 'NN')]"
['क'],o,"[('[', 'NN'), (""'"", ""''""), ('क', 'NNP'), (""'"", 'POS'), (']', 'NN')]"
['ल'],o,"[('[', 'NN'), (""'"", ""''""), ('ल', 'NNP'), (""'"", 'POS'), (']', 'NN')]"
['Biggest'],o,"[('[', 'RB'), (""'Biggest"", 'JJS'), (""'"", 'POS'), (']', 'NN')]"
['School'],o,"[('[', 'JJ'), (""'School"", 'NNP'), (""'"", 'POS'), (']', 'NN')]"
['ह'],o,"[('[', 'NN'), (""'"", ""''""), ('ह', 'NNP'), (""'"", 'POS'), (']', 'NN')]"
['यह'],o,"[('[', 'JJ'), (""'यह"", 'NNP'), (""'"", 'POS'), (']', 'NN')]"
['स'],o,"[('[', 'NN'), (""'"", ""''""), ('स', 'NNP'), (""'"", 'POS'), (']', 'NN')]"
['क'],o,"[('[', 'NN'), (""'"", ""''""), ('क', 'NNP'), (""'"", 'POS'), (']', 'NN')]"
['ल'],o,"[('[', 'NN'), (""'"", ""''""), ('ल', 'NNP'), (""'"", 'POS'), (']', 'NN')]"
['जगद'],o,"[('[', 'JJ'), (""'जगद"", 'NNP'), (""'"", 'POS'), (']', 'NN')]"
['श'],o,"[('[', 'NN'), (""'"", ""''""), ('श', 'NNP'), (""'"", 'POS'), (']', 'NN')]"
['ग'],o,"[('[', 'NN'), (""'"", ""''""), ('ग', 'NNP'), (""'"", 'POS'), (']', 'NN')]"
['ध'],o,"[('[', 'NN'), (""'"", ""''""), ('ध', 'NNP'), (""'"", 'POS'), (']', 'NN')]"
['द'],o,"[('[', 'NN'), (""'"", ""''""), ('द', 'NNP'), (""'"", 'POS'), (']', 'NN')]"
['व'],o,"[('[', 'NN'), (""'"", ""''""), ('व', 'NNP'), (""'"", 'POS'), (']', 'NN')]"
['र'],o,"[('[', 'NN'), (""'"", ""''""), ('र', 'NNP'), (""'"", 'POS'), (']', 'NN')]"
['1959'],num,"[('[', 'JJ'), (""'1959"", 'NNP'), (""'"", 'POS'), (']', 'NN')]"
['म'],o,"[('[', 'NN'), (""'"", ""''""), ('म', 'NNP'), (""'"", 'POS'), (']', 'NN')]"
['स'],o,"[('[', 'NN'), (""'"", ""''""), ('स', 'NNP'), (""'"", 'POS'), (']', 'NN')]"
['र'],o,"[('[', 'NN'), (""'"", ""''""), ('र', 'NNP'), (""'"", 'POS'), (']', 'NN')]"
['फ'],o,"[('[', 'NN'), (""'"", ""''""), ('फ', 'NNP'), (""'"", 'POS'), (']', 'NN')]"
['प'],o,"[('[', 'NN'), (""'"", ""''""), ('प', 'NNP'), (""'"", 'POS'), (']', 'NN')]"
['च'],o,"[('[', 'NN'), (""'"", ""''""), ('च', 'NNP'), (""'"", 'POS'), (']', 'NN')]"
['व'],o,"[('[', 'NN'), (""'"", ""''""), ('व', 'NNP'), (""'"", 'POS'), (']', 'NN')]"
['द'],o,"[('[', 'NN'), (""'"", ""''""), ('द', 'NNP'), (""'"", 'POS'), (']', 'NN')]"
['य'],o,"[('[', 'NN'), (""'"", ""''""), ('य', 'NNP'), (""'"", 'POS'), (']', 'NN')]"
['र'],o,"[('[', 'NN'), (""'"", ""''""), ('र', 'NNP'), (""'"", 'POS'), (']', 'NN')]"
['थ'],o,"[('[', 'NN'), (""'"", ""''""), ('थ', 'NNP'), (""'"", 'POS'), (']', 'NN')]"
['य'],o,"[('[', 'NN'), (""'"", ""''""), ('य', 'NNP'), (""'"", 'POS'), (']', 'NN')]"
['क'],o,"[('[', 'NN'), (""'"", ""''""), ('क', 'NNP'), (""'"", 'POS'), (']', 'NN')]"
['स'],o,"[('[', 'NN'), (""'"", ""''""), ('स', 'NNP'), (""'"", 'POS'), (']', 'NN')]"
['थ'],o,"[('[', 'NN'), (""'"", ""''""), ('थ', 'NNP'), (""'"", 'POS'), (']', 'NN')]"
['स'],o,"[('[', 'NN'), (""'"", ""''""), ('स', 'NNP'), (""'"", 'POS'), (']', 'NN')]"
['थ'],o,"[('[', 'NN'), (""'"", ""''""), ('थ', 'NNP'), (""'"", 'POS'), (']', 'NN')]"
['प'],o,"[('[', 'NN'), (""'"", ""''""), ('प', 'NNP'), (""'"", 'POS'), (']', 'NN')]"
['त'],o,"[('[', 'NN'), (""'"", ""''""), ('त', 'NNP'), (""'"", 'POS'), (']', 'NN')]"
['क'],o,"[('[', 'NN'), (""'"", ""''""), ('क', 'NNP'), (""'"", 'POS'), (']', 'NN')]"
['य'],o,"[('[', 'NN'), (""'"", ""''""), ('य', 'NNP'), (""'"", 'POS'), (']', 'NN')]"
['गय'],o,"[('[', 'JJ'), (""'गय"", 'NNP'), (""'"", 'POS'), (']', 'NN')]"
['इस'],o,"[('[', 'JJ'), (""'इस"", 'NNP'), (""'"", 'POS'), (']', 'NN')]"
['स'],o,"[('[', 'NN'), (""'"", ""''""), ('स', 'NNP'), (""'"", 'POS'), (']', 'NN')]"
['क'],o,"[('[', 'NN'), (""'"", ""''""), ('क', 'NNP'), (""'"", 'POS'), (']', 'NN')]"
['ल'],o,"[('[', 'NN'), (""'"", ""''""), ('ल', 'NNP'), (""'"", 'POS'), (']', 'NN')]"
['म'],o,"[('[', 'NN'), (""'"", ""''""), ('म', 'NNP'), (""'"", 'POS'), (']', 'NN')]"
['अब'],o,"[('[', 'JJ'), (""'अब"", 'NNP'), (""'"", 'POS'), (']', 'NN')]"
['58'],num,"[('[', 'JJ'), (""'58"", 'NNP'), (""'"", 'POS'), (']', 'NN')]"
['000'],num,"[('[', 'JJ'), (""'000"", 'CD'), (""'"", 'POS'), (']', 'NN')]"
['छ'],o,"[('[', 'NN'), (""'"", ""''""), ('छ', 'NNP'), (""'"", 'POS'), (']', 'NN')]"
['त'],o,"[('[', 'NN'), (""'"", ""''""), ('त', 'NNP'), (""'"", 'POS'), (']', 'NN')]"
['र'],o,"[('[', 'NN'), (""'"", ""''""), ('र', 'NNP'), (""'"", 'POS'), (']', 'NN')]"
['ह'],o,"[('[', 'NN'), (""'"", ""''""), ('ह', 'NNP'), (""'"", 'POS'), (']', 'NN')]"
['nitika_mishra1854'],per,"[('[', 'JJ'), (""'nitika_mishra1854"", 'NNP'), (""'"", 'POS'), (']', 'NN')]"
['India'],loc,"[('[', 'JJ'), (""'India"", 'NNP'), (""'"", 'POS'), (']', 'NN')]"
['m'],o,"[('[', 'JJ'), (""'m"", 'VBP'), (""'"", 'POS'), (']', 'NN')]"
['rajat_gupta_fitness'],per,"[('[', 'JJ'), (""'rajat_gupta_fitness"", 'NNP'), (""'"", 'POS'), (']', 'NN')]"
['Up'],loc,"[('[', 'JJ'), (""'Up"", 'NNP'), (""'"", 'POS'), (']', 'NN')]"
['lucknow'],loc,"[('[', 'RB'), (""'lucknow"", 'POS'), (""'"", ""''""), (']', 'NN')]"
['singhhanu13'],per,"[('[', 'JJ'), (""'singhhanu13"", 'NNP'), (""'"", 'POS'), (']', 'NN')]"
['India'],loc,"[('[', 'JJ'), (""'India"", 'NNP'), (""'"", 'POS'), (']', 'NN')]"
['Lucknow'],loc,"[('[', 'RB'), (""'Lucknow"", 'POS'), (""'"", ""''""), (']', 'NN')]"
['CMS'],o,"[('[', 'JJ'), (""'CMS"", 'NNP'), (""'"", 'POS'), (']', 'NN')]"
['school'],o,"[('[', 'JJ'), (""'school"", 'NNP'), (""'"", 'POS'), (']', 'NN')]"
['akash70906'],per,"[('[', 'JJ'), (""'akash70906"", 'NNP'), (""'"", 'POS'), (']', 'NN')]"
['Bharat'],per,"[('[', 'JJ'), (""'Bharat"", 'NNP'), (""'"", 'POS'), (']', 'NN')]"
['ma'],o,"[('[', 'JJ'), (""'ma"", 'NNP'), (""'"", 'POS'), (']', 'NN')]"
['yatin__singh_2007'],per,"[('[', 'JJ'), (""'yatin__singh_2007"", 'NNP'), (""'"", 'POS'), (']', 'NN')]"
['Bharat'],loc,"[('[', 'JJ'), (""'Bharat"", 'NNP'), (""'"", 'POS'), (']', 'NN')]"
['me'],o,"[('[', 'JJ'), (""'me"", 'NNP'), (""'"", 'POS'), (']', 'NN')]"
['vk_c7257'],o,"[('[', 'JJ'), (""'vk_c7257"", 'NNP'), (""'"", 'POS'), (']', 'NN')]"
['Nalanda'],loc,"[('[', 'JJ'), (""'Nalanda"", 'NNP'), (""'"", 'POS'), (']', 'NN')]"
['vishwavidyalay'],per,"[('[', 'JJ'), (""'vishwavidyalay"", 'POS'), (""'"", 'POS'), (']', 'NN')]"
['tha'],o,"[('[', 'JJ'), (""'tha"", 'NNP'), (""'"", 'POS'), (']', 'NN')]"
['s_riya400'],o,"[('[', 'JJ'), (""'s_riya400"", 'POS'), (""'"", 'POS'), (']', 'NN')]"
['D'],o,"[('[', 'JJ'), (""'D"", 'MD'), (""'"", 'POS'), (']', 'NN')]"
['anubhav_ap_143'],per,"[('[', 'JJ'), (""'anubhav_ap_143"", 'NNP'), (""'"", 'POS'), (']', 'NN')]"
['India'],loc,"[('[', 'JJ'), (""'India"", 'NNP'), (""'"", 'POS'), (']', 'NN')]"
['Lucknow'],loc,"[('[', 'RB'), (""'Lucknow"", 'POS'), (""'"", ""''""), (']', 'NN')]"
['me'],o,"[('[', 'JJ'), (""'me"", 'NNP'), (""'"", 'POS'), (']', 'NN')]"
['hai'],o,"[('[', 'JJ'), (""'hai"", 'NNP'), (""'"", 'POS'), (']', 'NN')]"
['anubhav_ap_143'],per,"[('[', 'JJ'), (""'anubhav_ap_143"", 'NNP'), (""'"", 'POS'), (']', 'NN')]"
['Cms'],o,"[('[', 'JJ'), (""'Cms"", 'NNP'), (""'"", 'POS'), (']', 'NN')]"
['Lucknow'],per,"[('[', 'RB'), (""'Lucknow"", 'POS'), (""'"", ""''""), (']', 'NN')]"
['tha__gosate__ff_46'],o,"[('[', 'JJ'), (""'tha__gosate__ff_46"", 'NNP'), (""'"", 'POS'), (']', 'NN')]"
['Bharat'],per,"[('[', 'JJ'), (""'Bharat"", 'NNP'), (""'"", 'POS'), (']', 'NN')]"
['aurangzeb03dxb'],per,"[('[', 'JJ'), (""'aurangzeb03dxb"", 'NNP'), (""'"", 'POS'), (']', 'NN')]"
['Mere'],o,"[('[', 'NN'), (""'Mere"", 'POS'), (""'"", ""''""), (']', 'NN')]"
['gawo'],o,"[('[', 'JJ'), (""'gawo"", 'NNP'), (""'"", 'POS'), (']', 'NN')]"
['me'],o,"[('[', 'JJ'), (""'me"", 'NNP'), (""'"", 'POS'), (']', 'NN')]"
['aa'],o,"[('[', 'JJ'), (""'aa"", 'NNP'), (""'"", 'POS'), (']', 'NN')]"
['dekha'],o,"[('[', 'JJ'), (""'dekha"", 'NNP'), (""'"", 'POS'), (']', 'NN')]"
['te'],o,"[('[', 'JJ'), (""'te"", 'NNP'), (""'"", 'POS'), (']', 'NN')]"
['h'],o,"[('[', 'NN'), (""'"", ""''""), ('h', 'NN'), (""'"", 'POS'), (']', 'NN')]"
['tum'],o,"[('[', 'JJ'), (""'tum"", 'NNP'), (""'"", 'POS'), (']', 'NN')]"
['sab'],o,"[('[', 'JJ'), (""'sab"", 'NNP'), (""'"", 'POS'), (']', 'NN')]"
['ko'],o,"[('[', 'JJ'), (""'ko"", 'NNP'), (""'"", 'POS'), (']', 'NN')]"
['vikram_yadav_vicky_'],per,"[('[', 'JJ'), (""'vikram_yadav_vicky_"", 'NNP'), (""'"", 'POS'), (']', 'NN')]"
['Apne'],o,"[('[', 'JJ'), (""'Apne"", 'NNP'), (""'"", 'POS'), (']', 'NN')]"
['Bharat'],loc,"[('[', 'JJ'), (""'Bharat"", 'NNP'), (""'"", 'POS'), (']', 'NN')]"
['me'],o,"[('[', 'JJ'), (""'me"", 'NNP'), (""'"", 'POS'), (']', 'NN')]"
['thakur_anubhav_rajpoot'],per,"[('[', 'JJ'), (""'thakur_anubhav_rajpoot"", 'NNP'), (""'"", 'POS'), (']', 'NN')]"
['Bharat'],per,"[('[', 'JJ'), (""'Bharat"", 'NNP'), (""'"", 'POS'), (']', 'NN')]"
['lko'],o,"[('[', 'JJ'), (""'lko"", 'NNP'), (""'"", 'POS'), (']', 'NN')]"
['me'],o,"[('[', 'JJ'), (""'me"", 'NNP'), (""'"", 'POS'), (']', 'NN')]"
['narendra_singh845'],per,"[('[', 'JJ'), (""'narendra_singh845"", 'NNP'), (""'"", 'POS'), (']', 'NN')]"
['Sapne'],o,"[('[', 'JJ'), (""'Sapne"", 'NNP'), (""'"", 'POS'), (']', 'NN')]"
['m'],o,"[('[', 'JJ'), (""'m"", 'VBP'), (""'"", 'POS'), (']', 'NN')]"
['aaya'],o,"[('[', 'JJ'), (""'aaya"", 'NNP'), (""'"", 'POS'), (']', 'NN')]"
['tha'],o,"[('[', 'JJ'), (""'tha"", 'NNP'), (""'"", 'POS'), (']', 'NN')]"
['kya'],o,"[('[', 'JJ'), (""'kya"", 'NNP'), (""'"", 'POS'), (']', 'NN')]"
['kharol9786'],o,"[('[', 'JJ'), (""'kharol9786"", 'NNP'), (""'"", 'POS'), (']', 'NN')]"
['D'],o,"[('[', 'JJ'), (""'D"", 'MD'), (""'"", 'POS'), (']', 'NN')]"
['akshay_tamarakar'],per,"[('[', 'JJ'), (""'akshay_tamarakar"", 'NNP'), (""'"", 'POS'), (']', 'NN')]"
['C'],o,"[('[', 'NN'), (""'"", ""''""), ('C', 'NNP'), (""'"", 'POS'), (']', 'NN')]"
['lalit'],per,"[('[', 'JJ'), (""'lalit"", 'NNP'), (""'"", 'POS'), (']', 'NN')]"
['vishwakarma'],per,"[('[', 'JJ'), (""'vishwakarma"", 'NNP'), (""'"", 'POS'), (']', 'NN')]"
['360'],num,"[('[', 'JJ'), (""'360"", 'NNP'), (""'"", 'POS'), (']', 'NN')]"
['Up'],loc,"[('[', 'JJ'), (""'Up"", 'NNP'), (""'"", 'POS'), (']', 'NN')]"
['shreejay61'],per,"[('[', 'JJ'), (""'shreejay61"", 'NNP'), (""'"", 'POS'), (']', 'NN')]"
['Kahi'],o,"[('[', 'JJ'), (""'Kahi"", 'NNP'), (""'"", 'POS'), (']', 'NN')]"
['bhi'],o,"[('[', 'JJ'), (""'bhi"", 'NNP'), (""'"", 'POS'), (']', 'NN')]"
['ho'],o,"[('[', 'JJ'), (""'ho"", 'NNP'), (""'"", 'POS'), (']', 'NN')]"
['muje'],o,"[('[', 'JJ'), (""'muje"", 'NNP'), (""'"", 'POS'), (']', 'NN')]"
['to'],o,"[('[', 'JJ'), (""'to"", 'NNP'), (""'"", 'POS'), (']', 'NN')]"
['ab'],o,"[('[', 'JJ'), (""'ab"", 'NNP'), (""'"", 'POS'), (']', 'NN')]"
['jana'],o,"[('[', 'JJ'), (""'jana"", 'NNP'), (""'"", 'POS'), (']', 'NN')]"
['nahi'],o,"[('[', 'JJ'), (""'nahi"", 'NNP'), (""'"", 'POS'), (']', 'NN')]"
['hai'],o,"[('[', 'JJ'), (""'hai"", 'NNP'), (""'"", 'POS'), (']', 'NN')]"
['Aur'],o,"[('[', 'JJ'), (""'Aur"", 'NNP'), (""'"", 'POS'), (']', 'NN')]"
['na'],o,"[('[', 'JJ'), (""'na"", 'NNP'), (""'"", 'POS'), (']', 'NN')]"
['hi'],o,"[('[', 'JJ'), (""'hi"", 'NNP'), (""'"", 'POS'), (']', 'NN')]"
['KBC'],o,"[('[', 'JJ'), (""'KBC"", 'NNP'), (""'"", 'POS'), (']', 'NN')]"
['me'],o,"[('[', 'JJ'), (""'me"", 'NNP'), (""'"", 'POS'), (']', 'NN')]"
['jana'],o,"[('[', 'JJ'), (""'jana"", 'NNP'), (""'"", 'POS'), (']', 'NN')]"
['hai'],o,"[('[', 'JJ'), (""'hai"", 'NNP'), (""'"", 'POS'), (']', 'NN')]"
['rohit'],per,"[('[', 'NN'), (""'rohit"", 'POS'), (""'"", 'POS'), (']', 'NN')]"
['mauryvansi'],per,"[('[', 'JJ'), (""'mauryvansi"", 'NNP'), (""'"", 'POS'), (']', 'NN')]"
['लखनऊ'],loc,"[('[', 'JJ'), (""'लखनऊ"", 'NNP'), (""'"", 'POS'), (']', 'NN')]"
['up'],loc,"[('[', 'JJ'), (""'up"", 'NNP'), (""'"", 'POS'), (']', 'NN')]"
['म'],o,"[('[', 'NN'), (""'"", ""''""), ('म', 'NNP'), (""'"", 'POS'), (']', 'NN')]"
['9'],o,"[('[', 'NN'), (""'"", ""''""), ('9', 'CD'), (""'"", 'POS'), (']', 'NN')]"
['341usha'],num,"[('[', 'NN'), (""'341usha"", 'POS'), (""'"", 'POS'), (']', 'NN')]"
['Bharat'],per,"[('[', 'JJ'), (""'Bharat"", 'NNP'), (""'"", 'POS'), (']', 'NN')]"
['men'],o,"[('[', 'JJ'), (""'men"", 'NNS'), (""'"", 'POS'), (']', 'NN')]"
['ganeshsingh9590'],per,"[('[', 'JJ'), (""'ganeshsingh9590"", 'NNP'), (""'"", 'POS'), (']', 'NN')]"
['Up'],loc,"[('[', 'JJ'), (""'Up"", 'NNP'), (""'"", 'POS'), (']', 'NN')]"
['lucknow'],loc,"[('[', 'RB'), (""'lucknow"", 'POS'), (""'"", ""''""), (']', 'NN')]"
['bipinmauryab99'],per,"[('[', 'JJ'), (""'bipinmauryab99"", 'NNP'), (""'"", 'POS'), (']', 'NN')]"
['Bharat'],loc,"[('[', 'JJ'), (""'Bharat"", 'NNP'), (""'"", 'POS'), (']', 'NN')]"
['me'],o,"[('[', 'JJ'), (""'me"", 'NNP'), (""'"", 'POS'), (']', 'NN')]"
['sahabudin68'],per,"[('[', 'JJ'), (""'sahabudin68"", 'NNP'), (""'"", 'POS'), (']', 'NN')]"
['C'],o,"[('[', 'NN'), (""'"", ""''""), ('C', 'NNP'), (""'"", 'POS'), (']', 'NN')]"
['er'],o,"[('[', 'JJ'), (""'er"", 'NNP'), (""'"", 'POS'), (']', 'NN')]"
['prajapati_ashok_babu'],per,"[('[', 'JJ'), (""'prajapati_ashok_babu"", 'NNP'), (""'"", 'POS'), (']', 'NN')]"
['D'],o,"[('[', 'JJ'), (""'D"", 'MD'), (""'"", 'POS'), (']', 'NN')]"
['ivijaymandloi'],per,"[('[', 'JJ'), (""'ivijaymandloi"", 'NNP'), (""'"", 'POS'), (']', 'NN')]"
['Bharat'],per,"[('[', 'JJ'), (""'Bharat"", 'NNP'), (""'"", 'POS'), (']', 'NN')]"
['Uttarpradesh'],loc,"[('[', 'JJ'), (""'Uttarpradesh"", 'NNP'), (""'"", 'POS'), (']', 'NN')]"
['bhunkal_voys'],o,"[('[', 'JJ'), (""'bhunkal_voys"", 'POS'), (""'"", 'POS'), (']', 'NN')]"
['Bharat'],per,"[('[', 'JJ'), (""'Bharat"", 'NNP'), (""'"", 'POS'), (']', 'NN')]"
['me'],o,"[('[', 'JJ'), (""'me"", 'NNP'), (""'"", 'POS'), (']', 'NN')]"
['bhunkal_voys'],o,"[('[', 'JJ'), (""'bhunkal_voys"", 'POS'), (""'"", 'POS'), (']', 'NN')]"
['Jai'],o,"[('[', 'JJ'), (""'Jai"", 'NNP'), (""'"", 'POS'), (']', 'NN')]"
['Bharat'],o,"[('[', 'JJ'), (""'Bharat"", 'NNP'), (""'"", 'POS'), (']', 'NN')]"
['bhavishyayadav__'],per,"[('[', 'JJ'), (""'bhavishyayadav__"", 'NNP'), (""'"", 'POS'), (']', 'NN')]"
['CMS'],o,"[('[', 'JJ'), (""'CMS"", 'NNP'), (""'"", 'POS'), (']', 'NN')]"
['in'],o,"[('[', 'JJ'), (""'in"", 'NNP'), (""'"", 'POS'), (']', 'NN')]"
['Lucknow'],per,"[('[', 'RB'), (""'Lucknow"", 'POS'), (""'"", ""''""), (']', 'NN')]"
['INDIA'],loc,"[('[', 'JJ'), (""'INDIA"", 'NNP'), (""'"", 'POS'), (']', 'NN')]"
['mr_om_kharane_45'],loc,"[('[', 'JJ'), (""'mr_om_kharane_45"", 'NNP'), (""'"", 'POS'), (']', 'NN')]"
['India'],loc,"[('[', 'JJ'), (""'India"", 'NNP'), (""'"", 'POS'), (']', 'NN')]"
['me'],o,"[('[', 'JJ'), (""'me"", 'NNP'), (""'"", 'POS'), (']', 'NN')]"
['__i__am__rajpoot__'],o,"[('[', 'JJ'), (""'__i__am__rajpoot__"", 'NNP'), (""'"", 'POS'), (']', 'NN')]"
['Bharat'],loc,"[('[', 'JJ'), (""'Bharat"", 'NNP'), (""'"", 'POS'), (']', 'NN')]"
['mr_thakur9464'],o,"[('[', 'JJ'), (""'mr_thakur9464"", 'NNP'), (""'"", 'POS'), (']', 'NN')]"
['England'],loc,"[('[', 'JJ'), (""'England"", 'NNP'), (""'"", 'POS'), (']', 'NN')]"
['m'],o,"[('[', 'JJ'), (""'m"", 'VBP'), (""'"", 'POS'), (']', 'NN')]"
['harshitnigam9517'],per,"[('[', 'JJ'), (""'harshitnigam9517"", 'NNP'), (""'"", 'POS'), (']', 'NN')]"
['भ'],o,"[('[', 'NN'), (""'"", ""''""), ('भ', 'NNP'), (""'"", 'POS'), (']', 'NN')]"
['रत'],o,"[('[', 'JJ'), (""'रत"", 'NNP'), (""'"", 'POS'), (']', 'NN')]"
['cms'],o,"[('[', 'JJ'), (""'cms"", 'NNP'), (""'"", 'POS'), (']', 'NN')]"
['लखनऊ'],o,"[('[', 'JJ'), (""'लखनऊ"", 'NNP'), (""'"", 'POS'), (']', 'NN')]"
['shova'],per,"[('[', 'JJ'), (""'shova"", 'NNP'), (""'"", 'POS'), (']', 'NN')]"
['gurung'],per,"[('[', 'NN'), (""'gurung"", 'POS'), (""'"", 'POS'), (']', 'NN')]"
['12764'],num,"[('[', 'JJ'), (""'12764"", 'NNP'), (""'"", 'POS'), (']', 'NN')]"
['Bharat'],per,"[('[', 'JJ'), (""'Bharat"", 'NNP'), (""'"", 'POS'), (']', 'NN')]"
['me'],o,"[('[', 'JJ'), (""'me"", 'NNP'), (""'"", 'POS'), (']', 'NN')]"
['_ritik'],o,"[('[', 'JJ'), (""'_ritik"", 'NNP'), (""'"", 'POS'), (']', 'NN')]"
['raushan__'],per,"[('[', 'JJ'), (""'raushan__"", 'NNP'), (""'"", 'POS'), (']', 'NN')]"
['Up'],loc,"[('[', 'JJ'), (""'Up"", 'NNP'), (""'"", 'POS'), (']', 'NN')]"
['ke'],o,"[('[', 'JJ'), (""'ke"", 'NNP'), (""'"", 'POS'), (']', 'NN')]"
['Lucknow'],loc,"[('[', 'RB'), (""'Lucknow"", 'POS'), (""'"", ""''""), (']', 'NN')]"
['me'],o,"[('[', 'JJ'), (""'me"", 'NNP'), (""'"", 'POS'), (']', 'NN')]"
['queen7861crush'],o,"[('[', 'JJ'), (""'queen7861crush"", 'NNP'), (""'"", 'POS'), (']', 'NN')]"
['India'],loc,"[('[', 'JJ'), (""'India"", 'NNP'), (""'"", 'POS'), (']', 'NN')]"
['me'],o,"[('[', 'JJ'), (""'me"", 'NNP'), (""'"", 'POS'), (']', 'NN')]"
['CMS'],o,"[('[', 'JJ'), (""'CMS"", 'NNP'), (""'"", 'POS'), (']', 'NN')]"
['sharmainbox'],per,"[('[', 'NN'), (""'sharmainbox"", 'POS'), (""'"", 'POS'), (']', 'NN')]"
['A'],o,"[('[', 'NN'), (""'"", ""''""), ('A', 'NNP'), (""'"", 'POS'), (']', 'NN')]"
['drx'],o,"[('[', 'JJ'), (""'drx"", 'NNP'), (""'"", 'POS'), (']', 'NN')]"
['shiva'],per,"[('[', 'JJ'), (""'shiva"", 'POS'), (""'"", 'POS'), (']', 'NN')]"
['90'],num,"[('[', 'JJ'), (""'90"", 'NNP'), (""'"", 'POS'), (']', 'NN')]"
['Lucknow'],loc,"[('[', 'RB'), (""'Lucknow"", 'POS'), (""'"", ""''""), (']', 'NN')]"
['sudhansh_k1'],per,"[('[', 'JJ'), (""'sudhansh_k1"", 'NNP'), (""'"", 'POS'), (']', 'NN')]"
['India'],loc,"[('[', 'JJ'), (""'India"", 'NNP'), (""'"", 'POS'), (']', 'NN')]"
['CMS'],o,"[('[', 'JJ'), (""'CMS"", 'NNP'), (""'"", 'POS'), (']', 'NN')]"
['_manupandat_'],o,"[('[', 'JJ'), (""'_manupandat_"", 'NNP'), (""'"", 'POS'), (']', 'NN')]"
['Bharat'],per,"[('[', 'JJ'), (""'Bharat"", 'NNP'), (""'"", 'POS'), (']', 'NN')]"
['ma'],o,"[('[', 'JJ'), (""'ma"", 'NNP'), (""'"", 'POS'), (']', 'NN')]"
['sohanbanjara1008'],per,"[('[', 'JJ'), (""'sohanbanjara1008"", 'NNP'), (""'"", 'POS'), (']', 'NN')]"
['D'],o,"[('[', 'JJ'), (""'D"", 'MD'), (""'"", 'POS'), (']', 'NN')]"
['its_girjesh_rajput'],o,"[('[', 'NN'), (""'its_girjesh_rajput"", 'POS'), (""'"", 'POS'), (']', 'NN')]"
['CMS'],o,"[('[', 'JJ'), (""'CMS"", 'NNP'), (""'"", 'POS'), (']', 'NN')]"
['in'],o,"[('[', 'JJ'), (""'in"", 'NNP'), (""'"", 'POS'), (']', 'NN')]"
['Lucknow'],per,"[('[', 'RB'), (""'Lucknow"", 'POS'), (""'"", ""''""), (']', 'NN')]"
['time_spend_poet'],o,"[('[', 'JJ'), (""'time_spend_poet"", 'NNP'), (""'"", 'POS'), (']', 'NN')]"
['Bharat'],per,"[('[', 'JJ'), (""'Bharat"", 'NNP'), (""'"", 'POS'), (']', 'NN')]"
['me'],o,"[('[', 'JJ'), (""'me"", 'NNP'), (""'"", 'POS'), (']', 'NN')]"
['suraj__thebull'],per,"[('[', 'JJ'), (""'suraj__thebull"", 'NNP'), (""'"", 'POS'), (']', 'NN')]"
['Pakistan'],loc,"[('[', 'JJ'), (""'Pakistan"", 'NNP'), (""'"", 'POS'), (']', 'NN')]"
['mai'],o,"[('[', 'JJ'), (""'mai"", 'NNP'), (""'"", 'POS'), (']', 'NN')]"
['ashishgiri35'],per,"[('[', 'JJ'), (""'ashishgiri35"", 'NNP'), (""'"", 'POS'), (']', 'NN')]"
['Bharat'],loc,"[('[', 'JJ'), (""'Bharat"", 'NNP'), (""'"", 'POS'), (']', 'NN')]"
['me'],o,"[('[', 'JJ'), (""'me"", 'NNP'), (""'"", 'POS'), (']', 'NN')]"
['shantu_suthar'],per,"[('[', 'JJ'), (""'shantu_suthar"", 'NNP'), (""'"", 'POS'), (']', 'NN')]"
['190'],num,"[('[', 'JJ'), (""'190"", 'NNP'), (""'"", 'POS'), (']', 'NN')]"
['Bharat'],per,"[('[', 'JJ'), (""'Bharat"", 'NNP'), (""'"", 'POS'), (']', 'NN')]"
['Nathdwara'],per,"[('[', 'JJ'), (""'Nathdwara"", 'NNP'), (""'"", 'POS'), (']', 'NN')]"
['suraj5415kumar'],per,"[('[', 'JJ'), (""'suraj5415kumar"", 'NNP'), (""'"", 'POS'), (']', 'NN')]"
['Bharat'],per,"[('[', 'JJ'), (""'Bharat"", 'NNP'), (""'"", 'POS'), (']', 'NN')]"
['me'],o,"[('[', 'JJ'), (""'me"", 'NNP'), (""'"", 'POS'), (']', 'NN')]"
['suraj5415kumar'],per,"[('[', 'JJ'), (""'suraj5415kumar"", 'NNP'), (""'"", 'POS'), (']', 'NN')]"
['Nalanda'],loc,"[('[', 'JJ'), (""'Nalanda"", 'NNP'), (""'"", 'POS'), (']', 'NN')]"
['visaw'],o,"[('[', 'NN'), (""'visaw"", 'POS'), (""'"", 'POS'), (']', 'NN')]"
['vidhalye'],o,"[('[', 'JJ'), (""'vidhalye"", 'NNP'), (""'"", 'POS'), (']', 'NN')]"
['bharat'],per,"[('[', 'JJ'), (""'bharat"", 'NNP'), (""'"", 'POS'), (']', 'NN')]"
['me'],o,"[('[', 'JJ'), (""'me"", 'NNP'), (""'"", 'POS'), (']', 'NN')]"
['hai'],o,"[('[', 'JJ'), (""'hai"", 'NNP'), (""'"", 'POS'), (']', 'NN')]"
['Jo'],o,"[('[', 'JJ'), (""'Jo"", 'NNP'), (""'"", 'POS'), (']', 'NN')]"
['state'],o,"[('[', 'JJ'), (""'state"", 'NNP'), (""'"", 'POS'), (']', 'NN')]"
['Bihar'],loc,"[('[', 'JJ'), (""'Bihar"", 'NNP'), (""'"", 'POS'), (']', 'NN')]"
['me'],o,"[('[', 'JJ'), (""'me"", 'NNP'), (""'"", 'POS'), (']', 'NN')]"
['hai'],o,"[('[', 'JJ'), (""'hai"", 'NNP'), (""'"", 'POS'), (']', 'NN')]"
['jarnathawrani'],o,"[('[', 'JJ'), (""'jarnathawrani"", 'NNP'), (""'"", 'POS'), (']', 'NN')]"
['India'],loc,"[('[', 'JJ'), (""'India"", 'NNP'), (""'"", 'POS'), (']', 'NN')]"
['abhi94019'],per,"[('[', 'JJ'), (""'abhi94019"", 'NNP'), (""'"", 'POS'), (']', 'NN')]"
['Bharat'],per,"[('[', 'JJ'), (""'Bharat"", 'NNP'), (""'"", 'POS'), (']', 'NN')]"
['narpat867'],per,"[('[', 'JJ'), (""'narpat867"", 'NNP'), (""'"", 'POS'), (']', 'NN')]"
['D'],o,"[('[', 'JJ'), (""'D"", 'MD'), (""'"", 'POS'), (']', 'NN')]"
['shailesh_kanaujiya'],per,"[('[', 'JJ'), (""'shailesh_kanaujiya"", 'NNP'), (""'"", 'POS'), (']', 'NN')]"
['Bharat'],per,"[('[', 'JJ'), (""'Bharat"", 'NNP'), (""'"", 'POS'), (']', 'NN')]"
['sanjanamalik642'],per,"[('[', 'JJ'), (""'sanjanamalik642"", 'NNP'), (""'"", 'POS'), (']', 'NN')]"
['India'],loc,"[('[', 'JJ'), (""'India"", 'NNP'), (""'"", 'POS'), (']', 'NN')]"
['me'],o,"[('[', 'JJ'), (""'me"", 'NNP'), (""'"", 'POS'), (']', 'NN')]"
['bda'],o,"[('[', 'JJ'), (""'bda"", 'NNP'), (""'"", 'POS'), (']', 'NN')]"
['lekin'],o,"[('[', 'JJ'), (""'lekin"", 'NNP'), (""'"", 'POS'), (']', 'NN')]"
['degree'],o,"[('[', 'RB'), (""'degree"", 'CD'), (""'"", ""''""), (']', 'NN')]"
['lene'],o,"[('[', 'JJ'), (""'lene"", 'NNP'), (""'"", 'POS'), (']', 'NN')]"
['ke'],o,"[('[', 'JJ'), (""'ke"", 'NNP'), (""'"", 'POS'), (']', 'NN')]"
['liye'],o,"[('[', 'JJ'), (""'liye"", 'NNP'), (""'"", 'POS'), (']', 'NN')]"
['nhi'],o,"[('[', 'JJ'), (""'nhi"", 'NNP'), (""'"", 'POS'), (']', 'NN')]"
['hai'],o,"[('[', 'JJ'), (""'hai"", 'NNP'), (""'"", 'POS'), (']', 'NN')]"
['aradhana__tiwari'],per,"[('[', 'NN'), (""'aradhana__tiwari"", 'POS'), (""'"", 'POS'), (']', 'NN')]"
['Isme'],o,"[('[', 'JJ'), (""'Isme"", 'NNP'), (""'"", 'POS'), (']', 'NN')]"
['onions'],o,"[('[', 'JJ'), (""'onions"", 'NNS'), (""'"", 'POS'), (']', 'NN')]"
['and'],o,"[('[', 'JJ'), (""'and"", 'NNP'), (""'"", 'POS'), (']', 'NN')]"
['tomatoes'],o,"[('[', 'NN'), (""'tomatoes"", 'NNS'), (""'"", 'POS'), (']', 'NN')]"
['dal'],o,"[('[', 'RB'), (""'dal"", 'POS'), (""'"", ""''""), (']', 'NN')]"
['do'],o,"[('[', 'JJ'), (""'do"", 'NNP'), (""'"", 'POS'), (']', 'NN')]"
['to'],o,"[('[', 'JJ'), (""'to"", 'NNP'), (""'"", 'POS'), (']', 'NN')]"
['aur'],o,"[('[', 'JJ'), (""'aur"", 'NNP'), (""'"", 'POS'), (']', 'NN')]"
['tasty'],o,"[('[', 'RB'), (""'tasty"", 'NNP'), (""'"", 'POS'), (']', 'NN')]"
['lgega'],o,"[('[', 'JJ'), (""'lgega"", 'POS'), (""'"", 'POS'), (']', 'NN')]"
['khannakritika999'],per,"[('[', 'JJ'), (""'khannakritika999"", 'NNP'), (""'"", 'POS'), (']', 'NN')]"
['Traditional'],o,"[('[', 'JJ'), (""'Traditional"", 'NNP'), (""'"", 'POS'), (']', 'NN')]"
['chawal'],o,"[('[', 'NN'), (""'chawal"", 'POS'), (""'"", 'POS'), (']', 'NN')]"
['ka'],o,"[('[', 'JJ'), (""'ka"", 'NNP'), (""'"", 'POS'), (']', 'NN')]"
['dosa'],o,"[('[', 'JJ'), (""'dosa"", 'NNP'), (""'"", 'POS'), (']', 'NN')]"
['is'],o,"[('[', 'JJ'), (""'is"", 'NNP'), (""'"", 'POS'), (']', 'NN')]"
['healthy'],o,"[('[', 'RB'), (""'healthy"", 'POS'), (""'"", ""''""), (']', 'NN')]"
['itself'],o,"[('[', 'VB'), (""'itself"", 'PRP'), (""'"", ""''""), (']', 'NN')]"
['rachanamalik1780'],per,"[('[', 'JJ'), (""'rachanamalik1780"", 'NNP'), (""'"", 'POS'), (']', 'NN')]"
['Wow'],o,"[('[', 'JJ'), (""'Wow"", 'NNP'), (""'"", 'POS'), (']', 'NN')]"
['deepikakalra09'],per,"[('[', 'JJ'), (""'deepikakalra09"", 'NNP'), (""'"", 'POS'), (']', 'NN')]"
['Which'],o,"[('[', 'NN'), (""'Which"", 'POS'), (""'"", 'POS'), (']', 'NN')]"
['tawa'],o,"[('[', 'JJ'), (""'tawa"", 'NNP'), (""'"", 'POS'), (']', 'NN')]"
['cuisine_girl_reshu'],o,"[('[', 'JJ'), (""'cuisine_girl_reshu"", 'NNP'), (""'"", 'POS'), (']', 'NN')]"
['Yum'],o,"[('[', 'JJ'), (""'Yum"", 'NNP'), (""'"", 'POS'), (']', 'NN')]"
['thepepperdoober'],o,"[('[', 'JJ'), (""'thepepperdoober"", 'NNP'), (""'"", 'POS'), (']', 'NN')]"
['supper'],o,"[('[', 'JJ'), (""'supper"", 'NNP'), (""'"", 'POS'), (']', 'NN')]"
['easy'],o,"[('[', 'JJ'), (""'easy"", 'NNP'), (""'"", 'POS'), (']', 'NN')]"
['sovona_2577'],per,"[('[', 'JJ'), (""'sovona_2577"", 'NNP'), (""'"", 'POS'), (']', 'NN')]"
['Dosa'],o,"[('[', 'JJ'), (""'Dosa"", 'NNP'), (""'"", 'POS'), (']', 'NN')]"
['onions'],o,"[('[', 'JJ'), (""'onions"", 'NNS'), (""'"", 'POS'), (']', 'NN')]"
['and'],o,"[('[', 'JJ'), (""'and"", 'NNP'), (""'"", 'POS'), (']', 'NN')]"
['chize'],o,"[('[', 'JJ'), (""'chize"", 'POS'), (""'"", 'POS'), (']', 'NN')]"
['dal'],o,"[('[', 'RB'), (""'dal"", 'POS'), (""'"", ""''""), (']', 'NN')]"
['do'],o,"[('[', 'JJ'), (""'do"", 'NNP'), (""'"", 'POS'), (']', 'NN')]"
['aur'],o,"[('[', 'JJ'), (""'aur"", 'NNP'), (""'"", 'POS'), (']', 'NN')]"
['tasty'],o,"[('[', 'RB'), (""'tasty"", 'NNP'), (""'"", 'POS'), (']', 'NN')]"
['lagega'],o,"[('[', 'JJ'), (""'lagega"", 'POS'), (""'"", 'POS'), (']', 'NN')]"
['globetrotter_girl90'],o,"[('[', 'JJ'), (""'globetrotter_girl90"", 'NNP'), (""'"", 'POS'), (']', 'NN')]"
['Maine'],o,"[('[', 'JJ'), (""'Maine"", 'NNP'), (""'"", 'POS'), (']', 'NN')]"
['ye'],o,"[('[', 'JJ'), (""'ye"", 'NNP'), (""'"", 'POS'), (']', 'NN')]"
['kal'],o,"[('[', 'JJ'), (""'kal"", 'NNP'), (""'"", 'POS'), (']', 'NN')]"
['hi'],o,"[('[', 'JJ'), (""'hi"", 'NNP'), (""'"", 'POS'), (']', 'NN')]"
['bnaya'],o,"[('[', 'JJ'), (""'bnaya"", 'NNP'), (""'"", 'POS'), (']', 'NN')]"
['tha'],o,"[('[', 'JJ'), (""'tha"", 'NNP'), (""'"", 'POS'), (']', 'NN')]"
['aur'],o,"[('[', 'JJ'), (""'aur"", 'NNP'), (""'"", 'POS'), (']', 'NN')]"
['aj'],o,"[('[', 'JJ'), (""'aj"", 'NNP'), (""'"", 'POS'), (']', 'NN')]"
['apka'],o,"[('[', 'JJ'), (""'apka"", 'NNP'), (""'"", 'POS'), (']', 'NN')]"
['video'],o,"[('[', 'JJ'), (""'video"", 'NNP'), (""'"", 'POS'), (']', 'NN')]"
['aa'],o,"[('[', 'JJ'), (""'aa"", 'NNP'), (""'"", 'POS'), (']', 'NN')]"
['gya'],o,"[('[', 'JJ'), (""'gya"", 'NNP'), (""'"", 'POS'), (']', 'NN')]"
['gazab'],o,"[('[', 'JJ'), (""'gazab"", 'NNP'), (""'"", 'POS'), (']', 'NN')]"
['connection'],o,"[('[', 'JJ'), (""'connection"", 'NN'), (""'"", 'POS'), (']', 'NN')]"
['hai'],o,"[('[', 'JJ'), (""'hai"", 'NNP'), (""'"", 'POS'), (']', 'NN')]"
['ye'],o,"[('[', 'JJ'), (""'ye"", 'NNP'), (""'"", 'POS'), (']', 'NN')]"
['to'],o,"[('[', 'JJ'), (""'to"", 'NNP'), (""'"", 'POS'), (']', 'NN')]"
['vandana_d_avhad'],per,"[('[', 'NN'), (""'vandana_d_avhad"", 'VBD'), (""'"", 'POS'), (']', 'NN')]"
['Yummi'],o,"[('[', 'JJ'), (""'Yummi"", 'NNP'), (""'"", 'POS'), (']', 'NN')]"
['renu_prashant'],per,"[('[', 'NN'), (""'renu_prashant"", 'POS'), (""'"", 'POS'), (']', 'NN')]"
['kabitaskitchen'],per,"[('[', 'RB'), (""'kabitaskitchen"", 'NNP'), (""'"", 'POS'), (']', 'NN')]"
['aap'],o,"[('[', 'JJ'), (""'aap"", 'NNP'), (""'"", 'POS'), (']', 'NN')]"
['dosa'],o,"[('[', 'JJ'), (""'dosa"", 'NNP'), (""'"", 'POS'), (']', 'NN')]"
['ke'],o,"[('[', 'JJ'), (""'ke"", 'NNP'), (""'"", 'POS'), (']', 'NN')]"
['liye'],o,"[('[', 'JJ'), (""'liye"", 'NNP'), (""'"", 'POS'), (']', 'NN')]"
['konsa'],o,"[('[', 'JJ'), (""'konsa"", 'NNP'), (""'"", 'POS'), (']', 'NN')]"
['tawa'],o,"[('[', 'JJ'), (""'tawa"", 'NNP'), (""'"", 'POS'), (']', 'NN')]"
['use'],o,"[('[', 'NN'), (""'use"", 'POS'), (""'"", 'POS'), (']', 'NN')]"
['karte'],o,"[('[', 'JJ'), (""'karte"", 'NNP'), (""'"", 'POS'), (']', 'NN')]"
['ho'],o,"[('[', 'JJ'), (""'ho"", 'NNP'), (""'"", 'POS'), (']', 'NN')]"
['lapetitchef'],o,"[('[', 'NN'), (""'lapetitchef"", 'POS'), (""'"", 'POS'), (']', 'NN')]"
['You'],o,"[('[', 'NN'), (""'You"", 'POS'), (""'"", 'POS'), (']', 'NN')]"
['don'],o,"[('[', 'JJ'), (""'don"", 'NNP'), (""'"", 'POS'), (']', 'NN')]"
['t'],o,"[('[', 'JJ'), (""'t"", 'NNP'), (""'"", 'POS'), (']', 'NN')]"
['need'],o,"[('[', 'RB'), (""'need"", 'MD'), (""'"", ""''""), (']', 'VB')]"
['soda'],o,"[('[', 'JJ'), (""'soda"", 'NNP'), (""'"", 'POS'), (']', 'NN')]"
['for'],o,"[('[', 'NN'), (""'for"", 'POS'), (""'"", 'POS'), (']', 'NN')]"
['dosa'],o,"[('[', 'JJ'), (""'dosa"", 'NNP'), (""'"", 'POS'), (']', 'NN')]"
['dashanddazzle'],o,"[('[', 'JJ'), (""'dashanddazzle"", 'NNP'), (""'"", 'POS'), (']', 'NN')]"
['in'],o,"[('[', 'JJ'), (""'in"", 'NNP'), (""'"", 'POS'), (']', 'NN')]"
['This'],o,"[('[', 'VB'), (""'This"", 'POS'), (""'"", 'POS'), (']', 'NN')]"
['looks'],o,"[('[', 'JJ'), (""'looks"", 'NNS'), (""'"", 'POS'), (']', 'NN')]"
['so'],o,"[('[', 'JJ'), (""'so"", 'NNP'), (""'"", 'POS'), (']', 'NN')]"
['yummy'],o,"[('[', 'JJ'), (""'yummy"", 'NNP'), (""'"", 'POS'), (']', 'NN')]"
['mannu19arora'],per,"[('[', 'JJ'), (""'mannu19arora"", 'NNP'), (""'"", 'POS'), (']', 'NN')]"
['Yummy'],o,"[('[', 'JJ'), (""'Yummy"", 'NNP'), (""'"", 'POS'), (']', 'NN')]"
['smiley_soni'],o,"[('[', 'JJ'), (""'smiley_soni"", 'NNP'), (""'"", 'POS'), (']', 'NN')]"
['Which'],o,"[('[', 'NN'), (""'Which"", 'POS'), (""'"", 'POS'), (']', 'NN')]"
['pan'],o,"[('[', 'RB'), (""'pan"", 'POS'), (""'"", 'POS'), (']', 'NN')]"
['you'],o,"[('[', 'NN'), (""'you"", 'POS'), (""'"", 'POS'), (']', 'NN')]"
['used'],o,"[('[', 'NNS'), (""'used"", 'VBD'), (""'"", 'POS'), (']', 'NN')]"
['because'],o,"[('[', 'NN'), (""'because"", 'POS'), (""'"", 'POS'), (']', 'NN')]"
['everytime'],o,"[('[', 'JJ'), (""'everytime"", 'POS'), (""'"", 'POS'), (']', 'NN')]"
['my'],o,"[('[', 'JJ'), (""'my"", 'NNP'), (""'"", 'POS'), (']', 'NN')]"
['dosa'],o,"[('[', 'JJ'), (""'dosa"", 'NNP'), (""'"", 'POS'), (']', 'NN')]"
['break'],o,"[('[', 'JJ'), (""'break"", 'NNP'), (""'"", 'POS'), (']', 'NN')]"
['into'],o,"[('[', 'RB'), (""'into"", 'POS'), (""'"", 'POS'), (']', 'NN')]"
['parts'],o,"[('[', 'JJ'), (""'parts"", 'NNS'), (""'"", 'POS'), (']', 'NN')]"
['Please'],o,"[('[', 'JJ'), (""'Please"", 'NNP'), (""'"", 'POS'), (']', 'NN')]"
['do'],o,"[('[', 'JJ'), (""'do"", 'NNP'), (""'"", 'POS'), (']', 'NN')]"
['reply'],o,"[('[', 'RB'), (""'reply"", 'POS'), (""'"", ""''""), (']', 'NN')]"
['lalitaohdar'],per,"[('[', 'RB'), (""'lalitaohdar"", 'POS'), (""'"", ""''""), (']', 'NN')]"
['Healthy'],o,"[('[', 'RB'), (""'Healthy"", 'POS'), (""'"", ""''""), (']', 'NN')]"
['recipe'],o,"[('[', 'RB'), (""'recipe"", 'POS'), (""'"", ""''""), (']', 'NN')]"
['urmila_veg_world'],per,"[('[', 'JJ'), (""'urmila_veg_world"", 'NNP'), (""'"", 'POS'), (']', 'NN')]"
['Yummy'],o,"[('[', 'JJ'), (""'Yummy"", 'NNP'), (""'"", 'POS'), (']', 'NN')]"
['syeda____aman'],o,"[('[', 'JJ'), (""'syeda____aman"", 'NNP'), (""'"", 'POS'), (']', 'NN')]"
['Kya'],o,"[('[', 'JJ'), (""'Kya"", 'NNP'), (""'"", 'POS'), (']', 'NN')]"
['dal'],o,"[('[', 'RB'), (""'dal"", 'POS'), (""'"", ""''""), (']', 'NN')]"
['ku'],o,"[('[', 'JJ'), (""'ku"", 'NNP'), (""'"", 'POS'), (']', 'NN')]"
['raat'],o,"[('[', 'JJ'), (""'raat"", 'NNP'), (""'"", 'POS'), (']', 'NN')]"
['bhar'],o,"[('[', 'JJ'), (""'bhar"", 'NNP'), (""'"", 'POS'), (']', 'NN')]"
['bhigo'],o,"[('[', 'JJ'), (""'bhigo"", 'NNP'), (""'"", 'POS'), (']', 'NN')]"
['k'],o,"[('[', 'NN'), (""'"", ""''""), ('k', 'NN'), (""'"", 'POS'), (']', 'NN')]"
['morning'],o,"[('[', 'RB'), (""'morning"", 'VBG'), (""'"", ""''""), (']', 'NN')]"
['main'],o,"[('[', 'RB'), (""'main"", 'POS'), (""'"", ""''""), (']', 'NN')]"
['grind'],o,"[('[', 'JJ'), (""'grind"", 'POS'), (""'"", 'POS'), (']', 'NN')]"
['kark'],o,"[('[', 'JJ'), (""'kark"", 'NNP'), (""'"", 'POS'), (']', 'NN')]"
['dosa'],o,"[('[', 'JJ'), (""'dosa"", 'NNP'), (""'"", 'POS'), (']', 'NN')]"
['dal'],o,"[('[', 'RB'), (""'dal"", 'POS'), (""'"", ""''""), (']', 'NN')]"
['sakte'],o,"[('[', 'JJ'), (""'sakte"", 'NNP'), (""'"", 'POS'), (']', 'NN')]"
['hai'],o,"[('[', 'JJ'), (""'hai"", 'NNP'), (""'"", 'POS'), (']', 'NN')]"
['ya'],o,"[('[', 'JJ'), (""'ya"", 'NNP'), (""'"", 'POS'), (']', 'NN')]"
['dal'],o,"[('[', 'RB'), (""'dal"", 'POS'), (""'"", ""''""), (']', 'NN')]"
['ku'],o,"[('[', 'JJ'), (""'ku"", 'NNP'), (""'"", 'POS'), (']', 'NN')]"
['morning'],o,"[('[', 'RB'), (""'morning"", 'VBG'), (""'"", ""''""), (']', 'NN')]"
['bhigo'],o,"[('[', 'JJ'), (""'bhigo"", 'NNP'), (""'"", 'POS'), (']', 'NN')]"
['k'],o,"[('[', 'NN'), (""'"", ""''""), ('k', 'NN'), (""'"", 'POS'), (']', 'NN')]"
['rat'],o,"[('[', 'JJ'), (""'rat"", 'NNP'), (""'"", 'POS'), (']', 'NN')]"
['ku'],o,"[('[', 'JJ'), (""'ku"", 'NNP'), (""'"", 'POS'), (']', 'NN')]"
['grind'],o,"[('[', 'JJ'), (""'grind"", 'POS'), (""'"", 'POS'), (']', 'NN')]"
['kark'],o,"[('[', 'JJ'), (""'kark"", 'NNP'), (""'"", 'POS'), (']', 'NN')]"
['morning'],o,"[('[', 'RB'), (""'morning"", 'VBG'), (""'"", ""''""), (']', 'NN')]"
['dosa'],o,"[('[', 'JJ'), (""'dosa"", 'NNP'), (""'"", 'POS'), (']', 'NN')]"
['dal'],o,"[('[', 'RB'), (""'dal"", 'POS'), (""'"", ""''""), (']', 'NN')]"
['sakte'],o,"[('[', 'JJ'), (""'sakte"", 'NNP'), (""'"", 'POS'), (']', 'NN')]"
['hai'],o,"[('[', 'JJ'), (""'hai"", 'NNP'), (""'"", 'POS'), (']', 'NN')]"
['musicaldebjani'],o,"[('[', 'JJ'), (""'musicaldebjani"", 'NNP'), (""'"", 'POS'), (']', 'NN')]"
['So'],o,"[('[', 'JJ'), (""'So"", 'NNP'), (""'"", 'POS'), (']', 'NN')]"
['far'],o,"[('[', 'NN'), (""'far"", 'POS'), (""'"", 'POS'), (']', 'NN')]"
['this'],o,"[('[', 'VB'), (""'this"", 'POS'), (""'"", 'POS'), (']', 'NN')]"
['is'],o,"[('[', 'JJ'), (""'is"", 'NNP'), (""'"", 'POS'), (']', 'NN')]"
['the'],o,"[('[', 'RB'), (""'the"", 'POS'), (""'"", ""''""), (']', 'NN')]"
['best'],o,"[('[', 'RB'), (""'best"", 'JJS'), (""'"", 'POS'), (']', 'NN')]"
['recipe'],o,"[('[', 'RB'), (""'recipe"", 'POS'), (""'"", ""''""), (']', 'NN')]"
['much'],o,"[('[', 'RB'), (""'much"", 'JJ'), (""'"", ""''""), (']', 'NN')]"
['thanks'],o,"[('[', 'JJ'), (""'thanks"", 'NNS'), (""'"", 'POS'), (']', 'NN')]"
['wondering_where'],o,"[('[', 'NN'), (""'wondering_where"", 'POS'), (""'"", ""''""), (']', 'NN')]"
['Pesarattu'],o,"[('[', 'JJ'), (""'Pesarattu"", 'NNP'), (""'"", 'POS'), (']', 'NN')]"
['moong'],o,"[('[', 'RB'), (""'moong"", 'POS'), (""'"", ""''""), (']', 'NN')]"
['daal'],o,"[('[', 'JJ'), (""'daal"", 'NNP'), (""'"", 'POS'), (']', 'NN')]"
['or'],o,"[('[', 'JJ'), (""'or"", 'NNP'), (""'"", 'POS'), (']', 'NN')]"
['Adai'],o,"[('[', 'JJ'), (""'Adai"", 'NNP'), (""'"", 'POS'), (']', 'NN')]"
['a'],o,"[('[', 'NN'), (""'"", ""''""), ('a', 'DT'), (""'"", 'POS'), (']', 'NN')]"
['common'],o,"[('[', 'JJ'), (""'common"", 'POS'), (""'"", 'POS'), (']', 'NN')]"
['breakfast'],o,"[('[', 'JJ'), (""'breakfast"", 'POS'), (""'"", 'POS'), (']', 'NN')]"
['option'],o,"[('[', 'JJ'), (""'option"", 'NN'), (""'"", 'POS'), (']', 'NN')]"
['in'],o,"[('[', 'JJ'), (""'in"", 'NNP'), (""'"", 'POS'), (']', 'NN')]"
['the'],o,"[('[', 'RB'), (""'the"", 'POS'), (""'"", ""''""), (']', 'NN')]"
['south'],o,"[('[', 'JJ'), (""'south"", 'NNP'), (""'"", 'POS'), (']', 'NN')]"
['Healthy'],o,"[('[', 'RB'), (""'Healthy"", 'POS'), (""'"", ""''""), (']', 'NN')]"
['n'],o,"[('[', 'JJ'), (""'n"", 'NNP'), (""'"", 'POS'), (']', 'NN')]"
['tasty'],o,"[('[', 'RB'), (""'tasty"", 'NNP'), (""'"", 'POS'), (']', 'NN')]"
['anshika_n_me'],o,"[('[', 'JJ'), (""'anshika_n_me"", 'NNP'), (""'"", 'POS'), (']', 'NN')]"
['This'],o,"[('[', 'VB'), (""'This"", 'POS'), (""'"", 'POS'), (']', 'NN')]"
['is'],o,"[('[', 'JJ'), (""'is"", 'NNP'), (""'"", 'POS'), (']', 'NN')]"
['chilla'],o,"[('[', 'JJ'), (""'chilla"", 'NN'), (""'"", 'POS'), (']', 'NN')]"
['north'],o,"[('[', 'JJ'), (""'north"", 'POS'), (""'"", 'POS'), (']', 'NN')]"
['India'],loc,"[('[', 'JJ'), (""'India"", 'NNP'), (""'"", 'POS'), (']', 'NN')]"
['or'],o,"[('[', 'JJ'), (""'or"", 'NNP'), (""'"", 'POS'), (']', 'NN')]"
['pesarattu'],o,"[('[', 'JJ'), (""'pesarattu"", 'NNP'), (""'"", 'POS'), (']', 'NN')]"
['south'],o,"[('[', 'JJ'), (""'south"", 'NNP'), (""'"", 'POS'), (']', 'NN')]"
['India'],loc,"[('[', 'JJ'), (""'India"", 'NNP'), (""'"", 'POS'), (']', 'NN')]"
['mamta_apatel'],per,"[('[', 'JJ'), (""'mamta_apatel"", 'NNP'), (""'"", 'POS'), (']', 'NN')]"
['How'],o,"[('[', 'VB'), (""'How"", 'POS'), (""'"", 'POS'), (']', 'NN')]"
['long'],o,"[('[', 'RB'), (""'long"", 'POS'), (""'"", ""''""), (']', 'NN')]"
['we'],o,"[('[', 'JJ'), (""'we"", 'NNP'), (""'"", 'POS'), (']', 'NN')]"
['can'],o,"[('[', 'JJ'), (""'can"", 'POS'), (""'"", 'POS'), (']', 'NN')]"
['keep'],o,"[('[', 'JJ'), (""'keep"", 'POS'), (""'"", 'POS'), (']', 'NN')]"
['this'],o,"[('[', 'VB'), (""'this"", 'POS'), (""'"", 'POS'), (']', 'NN')]"
['batter'],o,"[('[', 'RB'), (""'batter"", 'POS'), (""'"", ""''""), (']', 'NN')]"
['in'],o,"[('[', 'JJ'), (""'in"", 'NNP'), (""'"", 'POS'), (']', 'NN')]"
['fridge'],o,"[('[', 'NN'), (""'fridge"", 'POS'), (""'"", 'POS'), (']', 'NN')]"
['skumari327'],per,"[('[', 'JJ'), (""'skumari327"", 'NNP'), (""'"", 'POS'), (']', 'NN')]"
['Bhut'],o,"[('[', 'JJ'), (""'Bhut"", 'NNP'), (""'"", 'POS'), (']', 'NN')]"
['tasty'],o,"[('[', 'RB'), (""'tasty"", 'NNP'), (""'"", 'POS'), (']', 'NN')]"
['hai'],o,"[('[', 'JJ'), (""'hai"", 'NNP'), (""'"", 'POS'), (']', 'NN')]"
['Maine'],o,"[('[', 'JJ'), (""'Maine"", 'NNP'), (""'"", 'POS'), (']', 'NN')]"
['bnaya'],o,"[('[', 'JJ'), (""'bnaya"", 'NNP'), (""'"", 'POS'), (']', 'NN')]"
['but'],o,"[('[', 'RB'), (""'but"", 'POS'), (""'"", ""''""), (']', 'NN')]"
['toot'],oo,"[('[', 'JJ'), (""'toot"", 'NNP'), (""'"", 'POS'), (']', 'NN')]"
['jata'],o,"[('[', 'NN'), (""'jata"", 'POS'), (""'"", 'POS'), (']', 'NN')]"
['hai'],o,"[('[', 'JJ'), (""'hai"", 'NNP'), (""'"", 'POS'), (']', 'NN')]"
['aapka'],o,"[('[', 'JJ'), (""'aapka"", 'NNP'), (""'"", 'POS'), (']', 'NN')]"
['aise'],o,"[('[', 'JJ'), (""'aise"", 'POS'), (""'"", 'POS'), (']', 'NN')]"
['perfect'],o,"[('[', 'JJ'), (""'perfect"", 'NNP'), (""'"", 'POS'), (']', 'NN')]"
['kaise'],o,"[('[', 'JJ'), (""'kaise"", 'POS'), (""'"", 'POS'), (']', 'NN')]"
['mummysapron'],o,"[('[', 'JJ'), (""'mummysapron"", 'NNP'), (""'"", 'POS'), (']', 'NN')]"
['mamta_apatel'],o,"[('[', 'JJ'), (""'mamta_apatel"", 'NNP'), (""'"", 'POS'), (']', 'NN')]"
['aap'],o,"[('[', 'JJ'), (""'aap"", 'NNP'), (""'"", 'POS'), (']', 'NN')]"
['fridge'],o,"[('[', 'NN'), (""'fridge"", 'POS'), (""'"", 'POS'), (']', 'NN')]"
['me'],o,"[('[', 'JJ'), (""'me"", 'NNP'), (""'"", 'POS'), (']', 'NN')]"
['1week'],o,"[('[', 'JJ'), (""'1week"", 'POS'), (""'"", 'POS'), (']', 'NN')]"
['aaram'],o,"[('[', 'JJ'), (""'aaram"", 'NNP'), (""'"", 'POS'), (']', 'NN')]"
['se'],o,"[('[', 'JJ'), (""'se"", 'NNP'), (""'"", 'POS'), (']', 'NN')]"
['rakh'],o,"[('[', 'JJ'), (""'rakh"", 'NNP'), (""'"", 'POS'), (']', 'NN')]"
['sakti'],o,"[('[', 'JJ'), (""'sakti"", 'NNP'), (""'"", 'POS'), (']', 'NN')]"
['hai'],o,"[('[', 'JJ'), (""'hai"", 'NNP'), (""'"", 'POS'), (']', 'NN')]"
['mummysapron'],o,"[('[', 'JJ'), (""'mummysapron"", 'NNP'), (""'"", 'POS'), (']', 'NN')]"
['lalitaohdar'],per,"[('[', 'RB'), (""'lalitaohdar"", 'POS'), (""'"", ""''""), (']', 'NN')]"
['mere'],o,"[('[', 'NN'), (""'mere"", 'POS'), (""'"", ""''""), (']', 'NN')]"
['kitchen'],o,"[('[', 'RB'), (""'kitchen"", 'NNP'), (""'"", 'POS'), (']', 'NN')]"
['me'],o,"[('[', 'JJ'), (""'me"", 'NNP'), (""'"", 'POS'), (']', 'NN')]"
['bhi'],o,"[('[', 'JJ'), (""'bhi"", 'NNP'), (""'"", 'POS'), (']', 'NN')]"
['healthy'],o,"[('[', 'RB'), (""'healthy"", 'POS'), (""'"", ""''""), (']', 'NN')]"
['recipes'],o,"[('[', 'JJ'), (""'recipes"", 'NNS'), (""'"", 'POS'), (']', 'NN')]"
['hai'],o,"[('[', 'JJ'), (""'hai"", 'NNP'), (""'"", 'POS'), (']', 'NN')]"
['plz'],o,"[('[', 'JJ'), (""'plz"", 'NNP'), (""'"", 'POS'), (']', 'NN')]"
['visit'],o,"[('[', 'JJ'), (""'visit"", 'POS'), (""'"", 'POS'), (']', 'NN')]"
['comment'],o,"[('[', 'JJ'), (""'comment"", 'NN'), (""'"", 'POS'), (']', 'NN')]"
['karke'],o,"[('[', 'JJ'), (""'karke"", 'NNP'), (""'"", 'POS'), (']', 'NN')]"
['batae'],o,"[('[', 'JJ'), (""'batae"", 'NNP'), (""'"", 'POS'), (']', 'NN')]"
['kaisi'],o,"[('[', 'JJ'), (""'kaisi"", 'NNP'), (""'"", 'POS'), (']', 'NN')]"
['lagi'],o,"[('[', 'JJ'), (""'lagi"", 'NNP'), (""'"", 'POS'), (']', 'NN')]"
['mummysapron'],o,"[('[', 'JJ'), (""'mummysapron"", 'NNP'), (""'"", 'POS'), (']', 'NN')]"
['muasonayadav6290'],per,"[('[', 'JJ'), (""'muasonayadav6290"", 'NNP'), (""'"", 'POS'), (']', 'NN')]"
['yes'],o,"[('[', 'JJ'), (""'yes"", 'NNS'), (""'"", 'POS'), (']', 'NN')]"
['aap'],o,"[('[', 'JJ'), (""'aap"", 'NNP'), (""'"", 'POS'), (']', 'NN')]"
['isko'],o,"[('[', 'JJ'), (""'isko"", 'NNP'), (""'"", 'POS'), (']', 'NN')]"
['diet'],o,"[('[', 'JJ'), (""'diet"", 'POS'), (""'"", 'POS'), (']', 'NN')]"
['me'],o,"[('[', 'JJ'), (""'me"", 'NNP'), (""'"", 'POS'), (']', 'NN')]"
['bhi'],o,"[('[', 'JJ'), (""'bhi"", 'NNP'), (""'"", 'POS'), (']', 'NN')]"
['le'],o,"[('[', 'JJ'), (""'le"", 'NNP'), (""'"", 'POS'), (']', 'NN')]"
['sakte'],o,"[('[', 'JJ'), (""'sakte"", 'NNP'), (""'"", 'POS'), (']', 'NN')]"
['aur'],o,"[('[', 'JJ'), (""'aur"", 'NNP'), (""'"", 'POS'), (']', 'NN')]"
['diet'],o,"[('[', 'JJ'), (""'diet"", 'POS'), (""'"", 'POS'), (']', 'NN')]"
['recipes'],o,"[('[', 'JJ'), (""'recipes"", 'NNS'), (""'"", 'POS'), (']', 'NN')]"
['ke'],o,"[('[', 'JJ'), (""'ke"", 'NNP'), (""'"", 'POS'), (']', 'NN')]"
['liye'],o,"[('[', 'JJ'), (""'liye"", 'NNP'), (""'"", 'POS'), (']', 'NN')]"
['visit'],o,"[('[', 'JJ'), (""'visit"", 'POS'), (""'"", 'POS'), (']', 'NN')]"
['kare'],o,"[('[', 'NN'), (""'kare"", 'POS'), (""'"", 'POS'), (']', 'NN')]"
['mete'],o,"[('[', 'JJ'), (""'mete"", 'NNP'), (""'"", 'POS'), (']', 'NN')]"
['youtube'],org,"[('[', 'JJ'), (""'youtube"", 'NNP'), (""'"", 'POS'), (']', 'NN')]"
['kitchen'],o,"[('[', 'RB'), (""'kitchen"", 'NNP'), (""'"", 'POS'), (']', 'NN')]"
['me'],o,"[('[', 'JJ'), (""'me"", 'NNP'), (""'"", 'POS'), (']', 'NN')]"
['mummysapron'],o,"[('[', 'JJ'), (""'mummysapron"", 'NNP'), (""'"", 'POS'), (']', 'NN')]"
['skumari327'],per,"[('[', 'JJ'), (""'skumari327"", 'NNP'), (""'"", 'POS'), (']', 'NN')]"
['1'],num,"[('[', 'NN'), (""'"", ""''""), ('1', 'CD'), (""'"", 'POS'), (']', 'NN')]"
['se'],o,"[('[', 'JJ'), (""'se"", 'NNP'), (""'"", 'POS'), (']', 'NN')]"
['2'],num,"[('[', 'NN'), (""'"", ""''""), ('2', 'CD'), (""'"", 'POS'), (']', 'NN')]"
['baar'],o,"[('[', 'JJ'), (""'baar"", 'NNP'), (""'"", 'POS'), (']', 'NN')]"
['practice'],o,"[('[', 'JJ'), (""'practice"", 'NNP'), (""'"", 'POS'), (']', 'NN')]"
['स'],o,"[('[', 'NN'), (""'"", ""''""), ('स', 'NNP'), (""'"", 'POS'), (']', 'NN')]"
['aapko'],o,"[('[', 'JJ'), (""'aapko"", 'NNP'), (""'"", 'POS'), (']', 'NN')]"
['bhi'],o,"[('[', 'JJ'), (""'bhi"", 'NNP'), (""'"", 'POS'), (']', 'NN')]"
['aa'],o,"[('[', 'JJ'), (""'aa"", 'NNP'), (""'"", 'POS'), (']', 'NN')]"
['jayega'],o,"[('[', 'JJ'), (""'jayega"", 'POS'), (""'"", 'POS'), (']', 'NN')]"
['yummywale'],o,"[('[', 'JJ'), (""'yummywale"", 'NNP'), (""'"", 'POS'), (']', 'NN')]"
['Nice'],o,"[('[', 'JJ'), (""'Nice"", 'NNP'), (""'"", 'POS'), (']', 'NN')]"
['priyapanwar9656'],per,"[('[', 'JJ'), (""'priyapanwar9656"", 'NNP'), (""'"", 'POS'), (']', 'NN')]"
['Harnaaz'],per,"[('[', 'JJ'), (""'Harnaaz"", 'NNP'), (""'"", 'POS'), (']', 'NN')]"
['manan'],per,"[('[', 'JJ'), (""'manan"", 'NNP'), (""'"", 'POS'), (']', 'NN')]"
['world'],o,"[('[', 'JJ'), (""'world"", 'NNP'), (""'"", 'POS'), (']', 'NN')]"
['tanyac_b'],per,"[('[', 'JJ'), (""'tanyac_b"", 'NNP'), (""'"", 'POS'), (']', 'NN')]"
['Can'],o,"[('[', 'JJ'), (""'Can"", 'MD'), (""'"", ""''""), (']', 'VB')]"
['I'],o,"[('[', 'NN'), (""'"", ""''""), ('I', 'PRP'), (""'"", 'POS'), (']', 'NN')]"
['make'],o,"[('[', 'JJ'), (""'make"", 'POS'), (""'"", 'POS'), (']', 'NN')]"
['it'],o,"[('[', 'JJ'), (""'it"", 'NNP'), (""'"", 'POS'), (']', 'NN')]"
['without'],o,"[('[', 'NN'), (""'without"", 'POS'), (""'"", 'POS'), (']', 'NN')]"
['coriander'],o,"[('[', 'JJ'), (""'coriander"", 'POS'), (""'"", 'POS'), (']', 'NN')]"
['leaves'],o,"[('[', 'JJ'), (""'leaves"", 'NNS'), (""'"", 'POS'), (']', 'NN')]"
['mamta_apatel'],o,"[('[', 'JJ'), (""'mamta_apatel"", 'NNP'), (""'"", 'POS'), (']', 'NN')]"
['mummysapron'],o,"[('[', 'JJ'), (""'mummysapron"", 'NNP'), (""'"", 'POS'), (']', 'NN')]"
['thank'],o,"[('[', 'JJ'), (""'thank"", 'NNP'), (""'"", 'POS'), (']', 'NN')]"
['you'],o,"[('[', 'NN'), (""'you"", 'POS'), (""'"", 'POS'), (']', 'NN')]"
['abhabhatt26'],per,"[('[', 'JJ'), (""'abhabhatt26"", 'NNP'), (""'"", 'POS'), (']', 'NN')]"
['Super'],o,"[('[', 'JJ'), (""'Super"", 'NNP'), (""'"", 'POS'), (']', 'NN')]"
['khadija'],o,"[('[', 'JJ'), (""'khadija"", 'NNP'), (""'"", 'POS'), (']', 'NN')]"
['shah'],per,"[('[', 'JJ'), (""'shah"", 'NNP'), (""'"", 'POS'), (']', 'NN')]"
['Is'],o,"[('[', 'JJ'), (""'Is"", 'NNP'), (""'"", 'POS'), (']', 'NN')]"
['there'],o,"[('[', 'NN'), (""'there"", 'POS'), (""'"", ""''""), (']', 'NN')]"
['any'],o,"[('[', 'RB'), (""'any"", 'POS'), (""'"", 'POS'), (']', 'NN')]"
['way'],o,"[('[', 'JJ'), (""'way"", 'NNP'), (""'"", 'POS'), (']', 'NN')]"
['to'],o,"[('[', 'JJ'), (""'to"", 'NNP'), (""'"", 'POS'), (']', 'NN')]"
['make'],o,"[('[', 'JJ'), (""'make"", 'POS'), (""'"", 'POS'), (']', 'NN')]"
['it'],o,"[('[', 'JJ'), (""'it"", 'NNP'), (""'"", 'POS'), (']', 'NN')]"
['very'],o,"[('[', 'JJ'), (""'very"", 'NNP'), (""'"", 'POS'), (']', 'NN')]"
['crispy'],o,"[('[', 'JJ'), (""'crispy"", 'NNP'), (""'"", 'POS'), (']', 'NN')]"
['with'],o,"[('[', 'NN'), (""'with"", 'POS'), (""'"", 'POS'), (']', 'NN')]"
['very'],o,"[('[', 'JJ'), (""'very"", 'NNP'), (""'"", 'POS'), (']', 'NN')]"
['little'],o,"[('[', 'JJ'), (""'little"", 'NNP'), (""'"", 'POS'), (']', 'NN')]"
['oil'],o,"[('[', 'JJ'), (""'oil"", 'NNP'), (""'"", 'POS'), (']', 'NN')]"
['in'],o,"[('[', 'JJ'), (""'in"", 'NNP'), (""'"", 'POS'), (']', 'NN')]"
['it'],o,"[('[', 'JJ'), (""'it"", 'NNP'), (""'"", 'POS'), (']', 'NN')]"
['nehashri20'],per,"[('[', 'JJ'), (""'nehashri20"", 'NNP'), (""'"", 'POS'), (']', 'NN')]"
['Thanks'],o,"[('[', 'JJ'), (""'Thanks"", 'NNS'), (""'"", 'POS'), (']', 'NN')]"
['Kavita'],per,"[('[', 'JJ'), (""'Kavita"", 'NNP'), (""'"", 'POS'), (']', 'NN')]"
['ji'],o,"[('[', 'JJ'), (""'ji"", 'NNP'), (""'"", 'POS'), (']', 'NN')]"
['it'],o,"[('[', 'JJ'), (""'it"", 'NNP'), (""'"", 'POS'), (']', 'NN')]"
['turns'],o,"[('[', 'NN'), (""'turns"", 'NNS'), (""'"", 'POS'), (']', 'NN')]"
['out'],o,"[('[', 'NN'), (""'out"", 'POS'), (""'"", 'POS'), (']', 'NN')]"
['so'],o,"[('[', 'JJ'), (""'so"", 'NNP'), (""'"", 'POS'), (']', 'NN')]"
['well'],o,"[('[', 'RB'), (""'well"", 'NNP'), (""'"", 'POS'), (']', 'NN')]"
['Too'],o,"[('[', 'RB'), (""'Too"", 'POS'), (""'"", ""''""), (']', 'NN')]"
['perfect'],o,"[('[', 'JJ'), (""'perfect"", 'NNP'), (""'"", 'POS'), (']', 'NN')]"
['kabitaskitchen'],per,"[('[', 'RB'), (""'kabitaskitchen"", 'NNP'), (""'"", 'POS'), (']', 'NN')]"
['nehashri20'],per,"[('[', 'JJ'), (""'nehashri20"", 'NNP'), (""'"", 'POS'), (']', 'NN')]"
['glad'],o,"[('[', 'RB'), (""'glad"", 'POS'), (""'"", ""''""), (']', 'NN')]"
['you'],o,"[('[', 'NN'), (""'you"", 'POS'), (""'"", 'POS'), (']', 'NN')]"
['liked'],o,"[('[', 'NN'), (""'liked"", 'VBD'), (""'"", 'POS'), (']', 'NN')]"
['it'],o,"[('[', 'JJ'), (""'it"", 'NNP'), (""'"", 'POS'), (']', 'NN')]"
['surbhi_dua'],per,"[('[', 'JJ'), (""'surbhi_dua"", 'NNP'), (""'"", 'POS'), (']', 'NN')]"
['Hi'],o,"[('[', 'JJ'), (""'Hi"", 'NNP'), (""'"", 'POS'), (']', 'NN')]"
['kabitaskitchen'],per,"[('[', 'RB'), (""'kabitaskitchen"", 'NNP'), (""'"", 'POS'), (']', 'NN')]"
['if'],o,"[('[', 'JJ'), (""'if"", 'NNP'), (""'"", 'POS'), (']', 'NN')]"
['possible'],o,"[('[', 'RB'), (""'possible"", 'JJ'), (""'"", ""''""), (']', 'NN')]"
['can'],o,"[('[', 'JJ'), (""'can"", 'POS'), (""'"", 'POS'), (']', 'NN')]"
['you'],o,"[('[', 'NN'), (""'you"", 'POS'), (""'"", 'POS'), (']', 'NN')]"
['please'],o,"[('[', 'JJ'), (""'please"", 'NNP'), (""'"", 'POS'), (']', 'NN')]"
['suggest'],o,"[('[', 'RB'), (""'suggest"", 'JJS'), (""'"", 'POS'), (']', 'NN')]"
['a'],o,"[('[', 'NN'), (""'"", ""''""), ('a', 'DT'), (""'"", 'POS'), (']', 'NN')]"
['good'],o,"[('[', 'RB'), (""'good"", 'POS'), (""'"", ""''""), (']', 'NN')]"
['mixer'],o,"[('[', 'JJ'), (""'mixer"", 'NNP'), (""'"", 'POS'), (']', 'NN')]"
['blender'],o,"[('[', 'JJ'), (""'blender"", 'POS'), (""'"", 'POS'), (']', 'NN')]"
['nehashri20'],per,"[('[', 'JJ'), (""'nehashri20"", 'NNP'), (""'"", 'POS'), (']', 'NN')]"
['kabitaskitchen'],per,"[('[', 'RB'), (""'kabitaskitchen"", 'NNP'), (""'"", 'POS'), (']', 'NN')]"
['my'],o,"[('[', 'JJ'), (""'my"", 'NNP'), (""'"", 'POS'), (']', 'NN')]"
['1'],o,"[('[', 'NN'), (""'"", ""''""), ('1', 'CD'), (""'"", 'POS'), (']', 'NN')]"
['9'],num,"[('[', 'NN'), (""'"", ""''""), ('9', 'CD'), (""'"", 'POS'), (']', 'NN')]"
['years'],o,"[('[', 'JJ'), (""'years"", 'NNS'), (""'"", 'POS'), (']', 'NN')]"
['munchkin'],o,"[('[', 'JJ'), (""'munchkin"", 'NNP'), (""'"", 'POS'), (']', 'NN')]"
['ate'],o,"[('[', 'JJ'), (""'ate"", 'NNP'), (""'"", 'POS'), (']', 'NN')]"
['it'],o,"[('[', 'JJ'), (""'it"", 'NNP'), (""'"", 'POS'), (']', 'NN')]"
['thoroughly'],o,"[('[', 'JJ'), (""'thoroughly"", 'POS'), (""'"", 'POS'), (']', 'NN')]"
['and'],o,"[('[', 'JJ'), (""'and"", 'NNP'), (""'"", 'POS'), (']', 'NN')]"
['thanks'],o,"[('[', 'JJ'), (""'thanks"", 'NNS'), (""'"", 'POS'), (']', 'NN')]"
['for'],o,"[('[', 'NN'), (""'for"", 'POS'), (""'"", 'POS'), (']', 'NN')]"
['replying'],o,"[('[', 'RB'), (""'replying"", 'VBG'), (""'"", ""''""), (']', 'NN')]"
['You'],o,"[('[', 'NN'), (""'You"", 'POS'), (""'"", 'POS'), (']', 'NN')]"
['voice'],o,"[('[', 'JJ'), (""'voice"", 'NNP'), (""'"", 'POS'), (']', 'NN')]"
['is'],o,"[('[', 'JJ'), (""'is"", 'NNP'), (""'"", 'POS'), (']', 'NN')]"
['so'],o,"[('[', 'JJ'), (""'so"", 'NNP'), (""'"", 'POS'), (']', 'NN')]"
['soothing'],o,"[('[', 'RB'), (""'soothing"", 'VBG'), (""'"", ""''""), (']', 'NN')]"
['Keep'],o,"[('[', 'JJ'), (""'Keep"", 'POS'), (""'"", 'POS'), (']', 'NN')]"
['growing'],o,"[('[', 'RB'), (""'growing"", 'VBG'), (""'"", ""''""), (']', 'NN')]"
['jabeen5370'],per,"[('[', 'JJ'), (""'jabeen5370"", 'NNP'), (""'"", 'POS'), (']', 'NN')]"
['Healthy'],o,"[('[', 'RB'), (""'Healthy"", 'POS'), (""'"", ""''""), (']', 'NN')]"
['shantibhakat'],per,"[('[', 'JJ'), (""'shantibhakat"", 'NNP'), (""'"", 'POS'), (']', 'NN')]"
['Hi'],o,"[('[', 'JJ'), (""'Hi"", 'NNP'), (""'"", 'POS'), (']', 'NN')]"
['pls'],o,"[('[', 'JJ'), (""'pls"", 'NNP'), (""'"", 'POS'), (']', 'NN')]"
['share'],o,"[('[', 'NN'), (""'share"", 'POS'), (""'"", 'POS'), (']', 'NN')]"
['chutney'],o,"[('[', 'JJ'), (""'chutney"", 'NNP'), (""'"", 'POS'), (']', 'NN')]"
['recipe'],o,"[('[', 'RB'), (""'recipe"", 'POS'), (""'"", ""''""), (']', 'NN')]"
['hcanchi'],o,"[('[', 'RB'), (""'hcanchi"", 'NNP'), (""'"", 'POS'), (']', 'NN')]"
['adai'],o,"[('[', 'JJ'), (""'adai"", 'NNP'), (""'"", 'POS'), (']', 'NN')]"
['very'],o,"[('[', 'JJ'), (""'very"", 'NNP'), (""'"", 'POS'), (']', 'NN')]"
['common'],o,"[('[', 'JJ'), (""'common"", 'POS'), (""'"", 'POS'), (']', 'NN')]"
['in'],o,"[('[', 'JJ'), (""'in"", 'NNP'), (""'"", 'POS'), (']', 'NN')]"
['south'],o,"[('[', 'JJ'), (""'south"", 'NNP'), (""'"", 'POS'), (']', 'NN')]"
['india'],loc,"[('[', 'JJ'), (""'india"", 'NNP'), (""'"", 'POS'), (']', 'NN')]"
['tasty'],o,"[('[', 'RB'), (""'tasty"", 'NNP'), (""'"", 'POS'), (']', 'NN')]"
['n'],o,"[('[', 'JJ'), (""'n"", 'NNP'), (""'"", 'POS'), (']', 'NN')]"
['healthy'],o,"[('[', 'RB'), (""'healthy"", 'POS'), (""'"", ""''""), (']', 'NN')]"
['too'],o,"[('[', 'RB'), (""'too"", 'POS'), (""'"", ""''""), (']', 'NN')]"
['angelic_anu_ss'],o,"[('[', 'JJ'), (""'angelic_anu_ss"", 'NNP'), (""'"", 'POS'), (']', 'NN')]"
['Aj'],o,"[('[', 'JJ'), (""'Aj"", 'NNP'), (""'"", 'POS'), (']', 'NN')]"
['mai'],o,"[('[', 'JJ'), (""'mai"", 'NNP'), (""'"", 'POS'), (']', 'NN')]"
['ye'],o,"[('[', 'JJ'), (""'ye"", 'NNP'), (""'"", 'POS'), (']', 'NN')]"
['dhosa'],o,"[('[', 'JJ'), (""'dhosa"", 'NNP'), (""'"", 'POS'), (']', 'NN')]"
['bnai'],o,"[('[', 'JJ'), (""'bnai"", 'NNP'), (""'"", 'POS'), (']', 'NN')]"
['really'],o,"[('[', 'RB'), (""'really"", 'RB'), (""'"", 'POS'), (']', 'NN')]"
['bht'],o,"[('[', 'JJ'), (""'bht"", 'NNP'), (""'"", 'POS'), (']', 'NN')]"
['hi'],o,"[('[', 'JJ'), (""'hi"", 'NNP'), (""'"", 'POS'), (']', 'NN')]"
['teasty'],o,"[('[', 'RB'), (""'teasty"", 'NNP'), (""'"", 'POS'), (']', 'NN')]"
['bna'],o,"[('[', 'JJ'), (""'bna"", 'NNP'), (""'"", 'POS'), (']', 'NN')]"
['Tq'],o,"[('[', 'JJ'), (""'Tq"", 'NNP'), (""'"", 'POS'), (']', 'NN')]"
['so'],o,"[('[', 'JJ'), (""'so"", 'NNP'), (""'"", 'POS'), (']', 'NN')]"
['much'],o,"[('[', 'RB'), (""'much"", 'JJ'), (""'"", ""''""), (']', 'NN')]"
['ma'],o,"[('[', 'JJ'), (""'ma"", 'NNP'), (""'"", 'POS'), (']', 'NN')]"
['am'],o,"[('[', 'JJ'), (""'am"", 'NNP'), (""'"", 'POS'), (']', 'NN')]"
['for'],o,"[('[', 'NN'), (""'for"", 'POS'), (""'"", 'POS'), (']', 'NN')]"
['healthy'],o,"[('[', 'RB'), (""'healthy"", 'POS'), (""'"", ""''""), (']', 'NN')]"
['recipes'],o,"[('[', 'JJ'), (""'recipes"", 'NNS'), (""'"", 'POS'), (']', 'NN')]"
['muasonayadav6290'],per,"[('[', 'JJ'), (""'muasonayadav6290"", 'NNP'), (""'"", 'POS'), (']', 'NN')]"
['Diet'],o,"[('[', 'JJ'), (""'Diet"", 'POS'), (""'"", 'POS'), (']', 'NN')]"
['me'],o,"[('[', 'JJ'), (""'me"", 'NNP'), (""'"", 'POS'), (']', 'NN')]"
['b'],o,"[('[', 'NN'), (""'"", ""''""), ('b', 'NN'), (""'"", 'POS'), (']', 'NN')]"
['le'],o,"[('[', 'JJ'), (""'le"", 'NNP'), (""'"", 'POS'), (']', 'NN')]"
['skte'],o,"[('[', 'JJ'), (""'skte"", 'NNP'), (""'"", 'POS'), (']', 'NN')]"
['h'],o,"[('[', 'NN'), (""'"", ""''""), ('h', 'NN'), (""'"", 'POS'), (']', 'NN')]"